coin,gun,yon,giris_zamani,cikis_zamani,giris,cikis,sonuc,gun_sayisi,guc,stop_yuzde,brut_r,komisyon_kayma_r,fonlama_r,net_r,net_r_stopta
BTC,2021-02-07,uzun,2021-02-07T00:00:00+00:00,2021-02-24T00:00:00+00:00,39249.53,47181.6815,stop,17,0.1376246287754553,23.133819691598855,0.8735930967639512,0.005711366686176761,0.24158301890930595,0.6262987111684686,0.6262987111684686
BTC,2021-03-14,uzun,2021-03-14T00:00:00+00:00,2021-04-19T00:00:00+00:00,61267.41,55884.825000000004,stop,36,0.6288210687575864,21.766490537138743,-0.4036202647542155,0.005270889296564541,0.2701395059514696,-0.6790306600022497,-0.6790306600022497
BTC,2021-07-26,uzun,2021-07-26T00:00:00+00:00,2021-09-08T00:00:00+00:00,35370.67,46370.93800000001,stop,44,0.05676521109861528,13.314417001430828,2.335811675312681,0.010414273669981438,0.13885955350514526,2.1865378481375544,2.1865378481375544
BTC,2021-10-06,uzun,2021-10-06T00:00:00+00:00,2021-11-18T00:00:00+00:00,51460.22,58377.02650000002,stop,43,0.7318080692924164,15.220583005669218,0.8830853903114929,0.008413911914076987,0.23642340103921564,0.6382480773582002,0.6382480773582002
BTC,2022-02-08,uzun,2022-02-08T00:00:00+00:00,2022-02-21T00:00:00+00:00,43829.99,38715.022500000014,stop,13,0.14148239969759818,16.206129638633243,-0.7200989843231406,0.0069725463157516996,0.012610475453239404,-0.7396820060921317,-0.7396820060921317
BTC,2022-03-25,uzun,2022-03-25T00:00:00+00:00,2022-04-11T00:00:00+00:00,43973.2,42052.085000000014,stop,17,0.23565549927473003,13.192728752967684,-0.33115449819995957,0.008897226897926597,0.03196525964388808,-0.37201698474177425,-0.37201698474177425
BTC,2022-07-20,uzun,2022-07-20T00:00:00+00:00,2022-08-20T00:00:00+00:00,23385.9,21336.675000000017,stop,31,0.4677358837006971,16.069041601990868,-0.5453126621588161,0.007140588202422141,0.032682783018928324,-0.5851360333801666,-0.5851360333801666
BTC,2022-09-13,uzun,2022-09-13T00:00:00+00:00,2022-09-15T00:00:00+00:00,22386.0,19805.94000000002,stop,2,0.5353363875258772,11.525328330206293,-0.9999999999999997,0.00981185088718875,0.0015425157089370134,-1.0113543665961255,-1.0113543665961255
BTC,2022-10-27,uzun,2022-10-27T00:00:00+00:00,2022-11-09T00:00:00+00:00,20758.4,19484.81500000002,stop,13,0.537380781458314,8.45527593648827,-0.7256150366344162,0.013756953133012156,0.016735704554518803,-0.7561076943219471,-0.7561076943219471
BTC,2022-12-14,uzun,2022-12-14T00:00:00+00:00,2022-12-17T00:00:00+00:00,17777.1,16528.11000000002,stop,3,0.8337136406216319,7.025836610020646,-0.9999999999999997,0.016479816491725585,0.007649053484015207,-1.0241288699757405,-1.0241288699757405
BTC,2023-01-09,uzun,2023-01-09T00:00:00+00:00,2023-03-04T00:00:00+00:00,17124.6,22122.28500000002,stop,54,0.2995552541832201,4.392014995970591,6.644841546838126,0.031309216010850266,0.3223950740830937,6.291137256744182,6.291137256744182
BTC,2023-03-15,uzun,2023-03-15T00:00:00+00:00,2023-04-22T00:00:00+00:00,24682.5,27662.47000000002,stop,38,0.08886799106618136,12.92464296566385,0.9341232710317114,0.009845063124485786,0.04803536946044466,0.8762428384467811,0.8762428384467811
BTC,2023-06-21,uzun,2023-06-21T00:00:00+00:00,2023-07-25T00:00:00+00:00,28290.7,28886.91500000002,stop,34,0.4838860539799021,10.203459087261823,0.20654361660483755,0.011884643684850585,0.06821686587335452,0.12644210704663245,0.12644210704663245
BTC,2023-10-02,uzun,2023-10-02T00:00:00+00:00,2024-01-04T00:00:00+00:00,27981.4,40425.35000000002,stop,94,0.752406605691829,7.144692545762471,6.224511488431607,0.020530391134387475,0.4722277380572621,5.731753359239958,5.731753359239958
BTC,2024-01-09,uzun,2024-01-09T00:00:00+00:00,2024-01-13T00:00:00+00:00,46972.6,41588.77000000002,stop,4,0.5698731200650843,11.461639338678252,-1.0,0.009869706510049578,0.009597230967545448,-1.0194669374775949,-1.0194669374775949
BTC,2024-02-08,uzun,2024-02-08T00:00:00+00:00,2024-03-06T00:00:00+00:00,44326.3,61224.00500000001,stop,27,0.35254553646134995,8.412342108409632,4.531576505545929,0.016983701004054937,0.2304718442277587,4.284120960314116,4.284120960314116
BTC,2024-03-12,uzun,2024-03-12T00:00:00+00:00,2024-03-20T00:00:00+00:00,72153.9,62606.480000000025,stop,8,0.552080446873236,13.729216300158388,-0.9637856829560164,0.008162212924981581,0.04905720656409426,-1.0210051024450921,-1.0210051024450921
BTC,2024-05-16,uzun,2024-05-16T00:00:00+00:00,2024-06-19T00:00:00+00:00,66175.4,64427.37000000004,stop,34,0.2510085496767611,12.198241340437644,-0.21654845281386895,0.009707554599190968,0.0777149732935181,-0.303970980706578,-0.303970980706578
ETH,2021-02-03,uzun,2021-02-03T00:00:00+00:00,2021-02-24T00:00:00+00:00,1516.2,1546.662,stop,21,0.22252204438931097,30.943609022556394,0.06492784019336395,0.003916978815645602,0.2442263924189042,-0.18321553104118585,-0.18321553104118585
ETH,2021-04-02,uzun,2021-04-02T00:00:00+00:00,2021-04-19T00:00:00+00:00,1969.75,2133.639,stop,17,0.14441490851281072,17.67551719761391,0.4707242430639631,0.007071486241377974,0.2500468840932493,0.2136058727293358,0.2136058727293358
ETH,2021-04-28,uzun,2021-04-28T00:00:00+00:00,2021-05-18T00:00:00+00:00,2668.28,3322.371,stop,20,0.11009502710049929,23.24311916290644,1.0546597300994935,0.0057956140966137085,0.09636856328537233,0.9524955527175074,0.9524955527175074
ETH,2021-07-31,uzun,2021-07-31T00:00:00+00:00,2021-09-08T00:00:00+00:00,2461.52,3359.3885000000005,stop,39,0.20029771103555596,17.152877084078092,2.1265342953876165,0.008271831491290727,0.15016110634820848,1.9681013575481174,1.9681013575481174
ETH,2021-10-15,uzun,2021-10-15T00:00:00+00:00,2021-11-18T00:00:00+00:00,3794.18,4064.5745000000015,stop,34,0.5604694013811213,16.75694089368452,0.42529001389613375,0.00741638563767669,0.16081264576254536,0.2570609824959117,0.2570609824959117
ETH,2022-03-25,uzun,2022-03-25T00:00:00+00:00,2022-04-12T00:00:00+00:00,3109.89,3073.5230000000006,stop,18,0.369177538907578,14.107637247619678,-0.08289114995030979,0.008456296326686917,0.02783690798870382,-0.11918435426570052,-0.11918435426570052
ETH,2022-07-17,uzun,2022-07-17T00:00:00+00:00,2022-08-20T00:00:00+00:00,1355.38,1624.0285000000006,stop,34,0.6358466722830671,21.018459767740353,0.9430233782645367,0.0062750810867733976,0.025086233997472687,0.9116620631802906,0.9116620631802906
ETH,2022-09-11,uzun,2022-09-11T00:00:00+00:00,2022-09-16T00:00:00+00:00,1773.04,1461.1705000000006,stop,5,0.2573191671516458,17.589535487073004,-1.0000000000000004,0.0062222381476867905,-0.07205176060114907,-0.9341704775465383,-0.9341704775465383
ETH,2022-10-26,uzun,2022-10-26T00:00:00+00:00,2022-11-09T00:00:00+00:00,1459.19,1407.1205000000004,stop,14,1.3687712433621595,11.401907907811832,-0.31296374766717316,0.010336776147930469,0.013307948215933282,-0.33660847203103694,-0.33660847203103694
ETH,2022-12-14,uzun,2022-12-14T00:00:00+00:00,2022-12-17T00:00:00+00:00,1321.05,1165.5675000000006,stop,3,0.1557088418310736,11.769615078914454,-1.0,0.009595745501905398,0.005626352226134798,-1.0152220977280402,-1.0152220977280402
ETH,2023-01-09,uzun,2023-01-09T00:00:00+00:00,2023-02-14T00:00:00+00:00,1289.64,1467.8260000000007,stop,36,0.3796618836087114,7.2790080952823555,1.898160280378829,0.017624658847592085,0.15573797764213443,1.7247976438891024,1.7247976438891024
ETH,2023-03-18,uzun,2023-03-18T00:00:00+00:00,2023-04-21T00:00:00+00:00,1789.21,1906.456500000001,stop,34,0.12431480031323548,13.703478071327533,0.47819800639520194,0.009043819743539575,0.04272418994306331,0.42642999670859905,0.42642999670859905
ETH,2023-05-29,uzun,2023-05-29T00:00:00+00:00,2023-06-11T00:00:00+00:00,1908.36,1750.7785000000006,stop,13,0.3938089399791662,8.526614475256206,-0.9684301416249534,0.013492522976797412,0.02636814419749455,-1.0082908087992453,-1.0082908087992453
ETH,2023-07-14,uzun,2023-07-14T00:00:00+00:00,2023-08-02T00:00:00+00:00,2004.77,1817.4440000000006,stop,19,0.4288779987828716,9.34401452535699,-1.0,0.012242445789692883,0.03504018525565069,-1.0472826310453436,-1.0472826310453436
ETH,2023-10-02,uzun,2023-10-02T00:00:00+00:00,2023-10-10T00:00:00+00:00,1733.4,1600.0725000000007,stop,8,0.8838386679417308,7.691675320179959,-1.0,0.015001282556111899,0.016267067289193974,-1.031268349845306,-1.031268349845306
ETH,2023-10-24,uzun,2023-10-24T00:00:00+00:00,2024-01-04T00:00:00+00:00,1766.35,2106.000000000001,stop,72,1.8718752730343997,8.747615138562539,2.198189802185585,0.015036938519935216,0.4054691414536604,1.777683722211989,1.777683722211989
ETH,2024-01-11,uzun,2024-01-11T00:00:00+00:00,2024-01-24T00:00:00+00:00,2585.81,2253.310000000001,stop,13,1.075801484490463,14.051960507539201,-0.9150780086801675,0.007990686845168815,0.027042489892860216,-0.9501111854181965,-0.9501111854181965
ETH,2024-02-13,uzun,2024-02-13T00:00:00+00:00,2024-03-18T00:00:00+00:00,2660.91,3455.7180000000008,stop,34,1.5888515387879036,8.63642513275531,3.458581638980465,0.015969786886851002,0.3688700997265114,3.073741752367103,3.073741752367103
ETH,2024-04-09,uzun,2024-04-09T00:00:00+00:00,2024-04-13T00:00:00+00:00,3697.59,3102.8430000000008,stop,4,0.06633072550176852,16.08472004738219,-1.0000000000000004,0.006860496648154605,0.00859281352692827,-1.0154533101750833,-1.0154533101750833
ETH,2024-05-21,uzun,2024-05-21T00:00:00+00:00,2024-06-15T00:00:00+00:00,3664.39,3381.315500000001,stop,25,2.74202566740888,12.372495831502627,-0.6243695912778879,0.009324310589543148,0.07145502508467036,-0.7051489269521015,-0.7051489269521015
SOL,2021-01-31,uzun,2021-01-31T00:00:00+00:00,2021-03-01T00:00:00+00:00,4.244,11.7981,stop,29,0.1304935027011249,38.73138548539114,4.595622231956003,0.0068315751691244465,0.22987424509660784,4.358916411690271,4.358916411690271
SOL,2021-03-29,uzun,2021-03-29T00:00:00+00:00,2021-04-19T00:00:00+00:00,18.1022,21.06961,stop,21,0.805810276051683,26.069897581509437,0.6287918037389614,0.005810332628768494,0.17886790638208588,0.444113564728107,0.444113564728107
SOL,2021-04-23,uzun,2021-04-23T00:00:00+00:00,2021-05-20T00:00:00+00:00,38.9302,37.60165500000001,stop,27,0.6853586283252042,32.1912679616339,-0.1060111513410528,0.0042747976500394,0.08685047769264986,-0.19713642668374204,-0.19713642668374204
SOL,2021-08-01,uzun,2021-08-01T00:00:00+00:00,2021-09-18T00:00:00+00:00,36.747,134.64475000000004,stop,48,1.249892369422584,23.703567638174523,11.239244117630193,0.01377375478597303,0.17021956616783512,11.055250796676384,11.055250796676384
SOL,2021-10-22,uzun,2021-10-22T00:00:00+00:00,2021-11-19T00:00:00+00:00,190.602,201.91215000000003,stop,28,0.9634598317163929,20.6608272735858,0.2872057988900448,0.006977152205627483,0.09449621615568315,0.18573243052873412,0.18573243052873412
SOL,2022-03-25,uzun,2022-03-25T00:00:00+00:00,2022-04-07T00:00:00+00:00,102.32,112.45100000000002,stop,11,1.0011719403984618,17.51270523846753,0.5653775322283633,0.008389960377253208,0.021267645114124687,0.5357199267369853,0.5357199267369853
SOL,2022-07-19,uzun,2022-07-19T00:00:00+00:00,2022-07-27T00:00:00+00:00,43.53,35.233000000000025,stop,8,0.7829295684261204,21.478290833907593,-0.8874271351409163,0.005897010535322763,0.007935501074923816,-0.9012596467511629,-0.9012596467511629
SOL,2022-09-13,uzun,2022-09-13T00:00:00+00:00,2022-09-19T00:00:00+00:00,37.42,31.01650000000003,stop,6,0.43101428906067263,17.11250668091922,-1.0,0.007481150933083506,0.00023707806668228393,-1.0077182289997657,-1.0077182289997657
SOL,2022-11-06,uzun,2022-11-06T00:00:00+00:00,2022-11-08T00:00:00+00:00,36.89,30.540500000000026,stop,2,1.1811953697141555,17.211981566820207,-1.0,0.007433868808567638,0.0028653876840696235,-1.0102992564926372,-1.0102992564926372
SOL,2023-01-09,uzun,2023-01-09T00:00:00+00:00,2023-03-04T00:00:00+00:00,14.464,20.853950000000026,stop,54,0.23217101804801343,23.67394911504407,1.866114712925668,0.00721995356579645,0.03887475619414784,1.8200200031657239,1.8200200031657239
SOL,2023-04-13,uzun,2023-04-13T00:00:00+00:00,2023-04-20T00:00:00+00:00,23.798,21.627500000000026,stop,7,0.08124015584846199,15.206740062189988,-0.5997678852690012,0.008786606427367503,0.016157966730222004,-0.6247124584265906,-0.6247124584265906
SOL,2023-06-05,uzun,2023-06-05T00:00:00+00:00,2023-06-06T00:00:00+00:00,21.814,19.29580000000003,stop,1,0.3526328329759384,11.543962592830162,-1.0,0.011427551425621614,0.001732507346517373,-1.013160058772139,-1.013160058772139
SOL,2023-07-01,uzun,2023-07-01T00:00:00+00:00,2023-08-18T00:00:00+00:00,18.858,21.656600000000033,stop,48,0.46992481203007824,19.465478841870674,0.7623951182303733,0.007725896262395186,0.047415119221968303,0.7072541027460099,0.7072541027460099
SOL,2023-10-01,uzun,2023-10-01T00:00:00+00:00,2023-10-13T00:00:00+00:00,21.347,20.903150000000032,stop,12,0.9136013686911973,12.321403475898116,-0.16874821785000443,0.011244218230206389,-0.019345361140576205,-0.16064707493963462,-0.16064707493963462
SOL,2023-10-21,uzun,2023-10-21T00:00:00+00:00,2024-01-04T00:00:00+00:00,27.01,93.51345000000002,stop,75,0.686805077240977,16.93206219918538,14.54151770583936,0.01844739960860213,0.22748345444805337,14.295586851782703,14.295586851782703
SOL,2024-02-10,uzun,2024-02-10T00:00:00+00:00,2024-02-24T00:00:00+00:00,106.92,99.87035000000003,stop,14,0.07397710399845495,15.967873176206483,-0.41291582834734586,0.008478563625873847,0.05139219174303069,-0.4727865837162504,-0.4727865837162504
SOL,2024-02-29,uzun,2024-02-29T00:00:00+00:00,2024-03-06T00:00:00+00:00,119.421,109.55275000000002,stop,6,0.08550675110700627,17.274976762880875,-0.4783458030678699,0.00776936565527305,0.07474319750023642,-0.5608583662233794,-0.5608583662233794
SOL,2024-03-08,uzun,2024-03-08T00:00:00+00:00,2024-04-13T00:00:00+00:00,143.999,155.43740000000003,stop,36,0.08089112849754808,21.994736074556055,0.36114952545134343,0.006617964018918807,0.14651128293045637,0.20802027850196828,0.20802027850196828
SOL,2024-05-17,uzun,2024-05-17T00:00:00+00:00,2024-06-08T00:00:00+00:00,159.302,154.31045,stop,22,0.010485255710376933,19.577061179395102,-0.1600540615936624,0.00703918872338004,0.03736025511172249,-0.20445350542876495,-0.20445350542876495
ADA,2021-02-02,uzun,2021-02-02T00:00:00+00:00,2021-02-16T00:00:00+00:00,0.40984,0.7257219999999998,stop,14,0.24282655246252696,34.18407183291043,2.254689507494643,0.006484294075660237,0.12548940983297635,2.1227158035860065,2.1227158035860065
ADA,2021-02-21,uzun,2021-02-21T00:00:00+00:00,2021-04-19T00:00:00+00:00,1.11541,1.223951,stop,57,1.0359344010577725,31.529437605902782,0.30863349754394925,0.005321529504595762,0.4819914072033719,-0.1786794391640184,-0.1786794391640184
ADA,2021-05-07,uzun,2021-05-07T00:00:00+00:00,2021-05-20T00:00:00+00:00,1.65181,1.6687395,stop,13,0.849965541937488,26.88069451086991,0.03812795877644607,0.005982729528983056,0.017069425040876714,0.015075804206586298,0.015075804206586298
ADA,2021-08-07,uzun,2021-08-07T00:00:00+00:00,2021-09-08T00:00:00+00:00,1.4025,2.3303450000000003,stop,32,0.03561778432817643,17.41604278074866,3.798595758617868,0.012225808564644234,0.19272058769344133,3.5936493623597823,3.5936493623597823
ADA,2021-12-28,uzun,2021-12-28T00:00:00+00:00,2022-01-06T00:00:00+00:00,1.5158,1.2049100000000004,stop,9,0.2518575702016794,20.50996173637681,-1.0,0.007001087201260904,0.010073543902988206,-1.0170746311042491,-1.0170746311042491
ADA,2022-01-18,uzun,2022-01-18T00:00:00+00:00,2022-01-21T00:00:00+00:00,1.6004,1.2900800000000003,stop,3,0.592614075792732,19.39015246188451,-1.0,0.00745161124001032,0.0024681600670275875,-1.0099197713070378,-1.0099197713070378
ADA,2022-03-24,uzun,2022-03-24T00:00:00+00:00,2022-04-12T00:00:00+00:00,1.1064,0.9982250000000004,stop,19,2.1067565171129674,15.29013015184379,-0.6394455281669319,0.00995271029142285,0.02876116786664306,-0.6781594063249978,-0.6781594063249978
ADA,2022-07-20,uzun,2022-07-20T00:00:00+00:00,2022-08-20T00:00:00+00:00,0.515,0.4780850000000002,stop,31,0.5057779266454543,17.39126213592229,-0.4121587673756478,0.008870295316250791,0.03912907497348307,-0.46015813766538166,-0.46015813766538166
ADA,2023-01-07,uzun,2023-01-07T00:00:00+00:00,2023-03-01T00:00:00+00:00,0.2783,0.3488000000000002,stop,53,0.6841844323252364,10.871361839741212,2.3301933564700286,0.016581722029416747,0.12846044686828686,2.185151187572325,2.185151187572325
ADA,2023-03-22,uzun,2023-03-22T00:00:00+00:00,2023-04-22T00:00:00+00:00,0.3694,0.39250000000000024,stop,31,0.05738247627455431,18.398754737411956,0.339880821010819,0.008968145368939931,0.04072954994482472,0.2901831256970544,0.2901831256970544
ADA,2023-05-29,uzun,2023-05-29T00:00:00+00:00,2023-06-07T00:00:00+00:00,0.3827,0.3447350000000002,stop,9,0.18174634531805464,9.920303109485182,-1.0000000000000004,0.015328539444225034,0.021410837718951786,-1.0367393771631772,-1.0367393771631772
ADA,2023-07-14,uzun,2023-07-14T00:00:00+00:00,2023-07-19T00:00:00+00:00,0.3566,0.3023900000000002,stop,5,2.850027670171566,15.201906898485637,-0.9999999999999997,0.009724995388304784,0.0031826270429810124,-1.0129076224312856,-1.0129076224312856
ADA,2023-10-02,uzun,2023-10-02T00:00:00+00:00,2023-10-13T00:00:00+00:00,0.2658,0.24324000000000018,stop,11,1.0505319148936212,8.487584650112794,-1.0,0.018051063829787398,0.02476841276595766,-1.0428194765957453,-1.0428194765957453
ADA,2023-10-24,uzun,2023-10-24T00:00:00+00:00,2023-12-19T00:00:00+00:00,0.2809,0.5441450000000002,stop,56,1.664656212303994,8.853684585261574,10.58484117410546,0.026539445114596164,0.23257119453156597,10.325730534459298,10.325730534459298
ADA,2024-02-10,uzun,2024-02-10T00:00:00+00:00,2024-03-06T00:00:00+00:00,0.5408,0.6343650000000002,stop,25,0.16677089847821153,13.305288461538424,1.3003265930095267,0.013065554860676851,0.20255404516711886,1.084706992981731,1.084706992981731
ADA,2024-05-18,uzun,2024-05-18T00:00:00+00:00,2024-06-08T00:00:00+00:00,0.482,0.43401500000000015,stop,21,0.17947034362004818,14.218879668049766,-0.7001532063908941,0.010692522069015853,0.05005183366163285,-0.7608975621215428,-0.7608975621215428
LINK,2021-01-24,uzun,2021-01-24T00:00:00+00:00,2021-02-23T00:00:00+00:00,24.827,25.572350000000004,stop,30,0.3254719186943715,38.76001933378982,0.07745545804560992,0.004189929283639633,0.2912108970533985,-0.2179453682914282,-0.2179453682914282
LINK,2021-04-03,uzun,2021-04-03T00:00:00+00:00,2021-04-19T00:00:00+00:00,32.546,33.59005,stop,16,0.46709883669301094,20.76015485773982,0.1545229849332502,0.007830689992007811,0.3107995120563597,-0.1641072171151173,-0.1641072171151173
LINK,2021-05-05,uzun,2021-05-05T00:00:00+00:00,2021-05-17T00:00:00+00:00,45.574,38.10209999999999,stop,12,0.21129326047358768,32.52512397419582,-0.5040747487013427,0.00451601430209809,0.04971864215745798,-0.5583094051608989,-0.5583094051608989
LINK,2021-07-31,uzun,2021-07-31T00:00:00+00:00,2021-09-08T00:00:00+00:00,22.255,27.632699999999996,stop,39,1.514212402945782,20.226241294091245,1.1946860386328522,0.00886626456507491,0.14678698611527627,1.039032787952501,1.039032787952501
LINK,2021-10-24,uzun,2021-10-24T00:00:00+00:00,2021-11-19T00:00:00+00:00,31.39,26.93775,stop,26,0.6863531664898163,18.464001274291174,-0.768178955632047,0.008050967502609627,0.10822654149089428,-0.8844564646255508,-0.8844564646255508
LINK,2022-01-06,uzun,2022-01-06T00:00:00+00:00,2022-01-21T00:00:00+00:00,25.218,20.68235,stop,15,0.38210551143958,22.696288365453253,-0.7924539839784748,0.00641564763127779,0.01862115043635505,-0.8174907820461076,-0.8174907820461076
LINK,2022-03-25,uzun,2022-03-25T00:00:00+00:00,2022-04-08T00:00:00+00:00,16.16,15.187450000000005,stop,14,0.22362823170066587,17.017945544554426,-0.35364168575688026,0.009118926584487855,0.0238140966510309,-0.38657470899239904,-0.38657470899239904
LINK,2022-06-07,uzun,2022-06-07T00:00:00+00:00,2022-06-12T00:00:00+00:00,7.972,7.180450000000003,stop,5,0.004785452225235474,23.59131961866529,-0.4208805232094426,0.006445451161801469,0.001369444377093638,-0.42869541874833766,-0.42869541874833766
LINK,2022-07-20,uzun,2022-07-20T00:00:00+00:00,2022-08-20T00:00:00+00:00,7.251,7.507550000000003,stop,31,0.23689052437902472,17.989242863053338,0.19668046611469103,0.009051548604722497,0.0424508138454463,0.14517810366452225,0.14517810366452225
LINK,2022-09-10,uzun,2022-09-10T00:00:00+00:00,2022-09-22T00:00:00+00:00,7.737,6.547800000000004,stop,12,0.3165735567970203,18.739821636293097,-0.8201944961721489,0.007881812538795798,0.006995690916614955,-0.8350719996275597,-0.8350719996275597
LINK,2022-10-31,uzun,2022-10-31T00:00:00+00:00,2022-11-09T00:00:00+00:00,7.776,7.360700000000004,stop,9,0.11706555671175878,14.830246913580199,-0.3601283385362445,0.010500659035726712,0.01584107138397508,-0.38647006895594627,-0.38647006895594627
LINK,2022-12-01,uzun,2022-12-01T00:00:00+00:00,2022-12-17T00:00:00+00:00,7.666,6.217400000000004,stop,16,0.2950596913520344,20.159796504043776,-0.9373321686240255,0.00718672231388918,0.008824940269824348,-0.953343831207739,-0.953343831207739
LINK,2023-01-13,uzun,2023-01-13T00:00:00+00:00,2023-03-04T00:00:00+00:00,6.384,6.641650000000004,stop,50,0.3547671840354793,10.596804511278126,0.38085735402809334,0.015403577235772462,0.1501393177827057,0.21531445900961518,0.21531445900961518
LINK,2023-04-15,uzun,2023-04-15T00:00:00+00:00,2023-04-21T00:00:00+00:00,7.745,7.537600000000003,stop,6,0.21476104053236536,12.805681084570644,-0.20911474087517434,0.01232716273442231,0.01508494540229891,-0.23652684901189555,-0.23652684901189555
LINK,2023-07-02,uzun,2023-07-02T00:00:00+00:00,2023-08-04T00:00:00+00:00,6.503,7.097100000000005,stop,33,0.15634218289085583,15.638935875749597,0.584169124877096,0.010698210422812235,0.05001446429695201,0.5234564501573318,0.5234564501573318
LINK,2023-09-19,uzun,2023-09-19T00:00:00+00:00,2023-12-12T00:00:00+00:00,6.56,13.788850000000009,stop,84,0.3507434235608087,11.995426829268233,9.186491294954946,0.02068760960731998,0.21686089515821652,8.94894279018941,8.94894279018941
LINK,2024-02-02,uzun,2024-02-02T00:00:00+00:00,2024-03-06T00:00:00+00:00,17.191,18.044200000000004,stop,33,0.6099408631054202,17.853237158978498,0.2779922779922801,0.009184353974227413,0.14567128509196384,0.12313663892608886,0.12313663892608886
LINK,2024-05-17,uzun,2024-05-17T00:00:00+00:00,2024-06-08T00:00:00+00:00,15.504,15.901050000000001,stop,22,0.421638330757341,15.64918730650154,0.16364760432766703,0.010355091190108199,0.045868132698609,0.10742438043894983,0.10742438043894983
ETHFI,2024-05-24,uzun,2024-05-24T00:00:00+00:00,2024-06-08T00:00:00+00:00,5.011,3.813600000000001,stop,15,1.6407319805801075,24.04609858311713,-0.993734179841487,0.0073236233868625294,0.005259065189426943,-1.0063168684177763,-1.0063168684177763
DOGE,2021-01-29,uzun,2021-01-29T00:00:00+00:00,2021-01-31T00:00:00+00:00,0.036367,0.029763699999999997,stop,2,9.858979595806346,21.205076030467186,-0.8562758942638734,0.006860342468862045,-0.06180803115805307,-0.8013282055746823,-0.8013282055746823
DOGE,2021-04-12,uzun,2021-04-12T00:00:00+00:00,2021-04-18T00:00:00+00:00,0.074551,0.28636265000000005,stop,6,0.7650018200995001,21.55645128837975,13.180112068348636,0.017966461633235967,0.09026912518986599,13.071876481525534,13.071876481525534
DOGE,2021-05-05,uzun,2021-05-05T00:00:00+00:00,2021-05-13T00:00:00+00:00,0.538729,0.40949125,stop,8,0.848393628075889,51.98179418594506,-0.4614958166839857,0.002708804067975761,0.016896184784585107,-0.48110080553654655,-0.48110080553654655
DOGE,2021-08-08,uzun,2021-08-08T00:00:00+00:00,2021-08-27T00:00:00+00:00,0.26195,0.26898549999999993,stop,19,1.6144028399966177,20.324298530253888,0.13214812310408455,0.007978068914997315,0.10971517647611254,0.014454877712974698,0.014454877712974698
DOGE,2021-10-25,uzun,2021-10-25T00:00:00+00:00,2021-10-28T00:00:00+00:00,0.27603,0.21593849999999992,stop,3,0.12181423329422603,21.76991631344422,-0.9999999999999999,0.006549591872394588,0.022013267901450258,-1.0285628597738448,-1.0285628597738448
DOGE,2021-10-29,uzun,2021-10-29T00:00:00+00:00,2021-11-17T00:00:00+00:00,0.30004,0.22349949999999988,stop,19,0.653379583357828,25.510098653512898,-1.0,0.005472025920917676,0.0953527476721473,-1.100824773593065,-1.100824773593065
DOGE,2022-03-25,uzun,2022-03-25T00:00:00+00:00,2022-04-07T00:00:00+00:00,0.13674,0.1409859999999999,stop,13,0.7847696555733121,15.096533567354179,0.20568715787433353,0.010763009252531066,0.025171341374800024,0.16975280724700242,0.16975280724700242
DOGE,2022-08-15,uzun,2022-08-15T00:00:00+00:00,2022-08-20T00:00:00+00:00,0.08164,0.07094299999999991,stop,5,1.294092187838121,16.980646741793354,-0.7716223039746101,0.008805193681021358,0.005739710711967066,-0.7861672083675986,-0.7861672083675986
DOGE,2022-10-27,uzun,2022-10-27T00:00:00+00:00,2022-11-08T00:00:00+00:00,0.07262,0.10772799999999988,stop,12,1.9791488634421246,12.085513632608238,4.000227881273795,0.0164391727909757,0.012856052686150367,3.970932655796669,3.970932655796669
DOGE,2023-01-13,uzun,2023-01-13T00:00:00+00:00,2023-03-04T00:00:00+00:00,0.08026,0.07586799999999991,stop,50,0.15808261091279702,14.65985546972353,-0.3732789393166795,0.010615536291007886,0.11739194861465102,-0.5012864242223384,-0.5012864242223384
DOGE,2023-04-02,uzun,2023-04-02T00:00:00+00:00,2023-04-22T00:00:00+00:00,0.08182,0.0760684999999999,stop,20,0.428652002256061,19.50256660963103,-0.36043742558125363,0.007915698439556248,0.029106220292034645,-0.3974593443128445,-0.3974593443128445
DOGE,2023-07-26,uzun,2023-07-26T00:00:00+00:00,2023-08-16T00:00:00+00:00,0.08182,0.06808599999999991,stop,21,0.7863695937090389,16.785626986067093,-0.9999999999999998,0.008731964467744218,0.03180989309742224,-1.0405418575651662,-1.0405418575651662
DOGE,2023-10-24,uzun,2023-10-24T00:00:00+00:00,2023-11-10T00:00:00+00:00,0.06745,0.0651349999999999,stop,17,2.6584552219655655,8.666419570052046,-0.3960311350611673,0.018145239928149523,0.07913429467111315,-0.49331066966043,-0.49331066966043
DOGE,2023-11-12,uzun,2023-11-12T00:00:00+00:00,2023-12-27T00:00:00+00:00,0.07851,0.0862974999999999,stop,45,0.09134233518665591,19.243408482995918,0.5154553878739645,0.00872689965581143,0.11712431308578157,0.3896041751323715,0.3896041751323715
DOGE,2024-02-15,uzun,2024-02-15T00:00:00+00:00,2024-03-06T00:00:00+00:00,0.08557,0.1453249999999999,stop,20,0.6532110091743052,9.553581862802504,7.3094801223240555,0.022595229357797876,0.24123287297859017,7.045652019987668,7.045652019987668
DOGE,2024-03-29,uzun,2024-03-29T00:00:00+00:00,2024-04-13T00:00:00+00:00,0.22022,0.15420799999999987,stop,15,1.194328303944735,29.975479066388214,-1.0,0.004537696176452756,0.03332517214445853,-1.0378628683209112,-1.0378628683209112
DOGE,2024-05-22,uzun,2024-05-22T00:00:00+00:00,2024-06-08T00:00:00+00:00,0.17034,0.13828449999999987,stop,17,0.008433836552246658,20.88235294117655,-0.9011694920019119,0.006941036237384358,0.03160084507042242,-0.9397113733097187,-0.9397113733097187
AVAX,2021-02-06,uzun,2021-02-06T00:00:00+00:00,2021-02-12T00:00:00+00:00,17.8663,42.825025000000004,stop,6,1.1066591102295258,29.628406553119564,4.714975913856618,0.009172203645980922,-0.017771458585057142,4.723575168795694,4.723575168795694
AVAX,2021-03-20,uzun,2021-03-20T00:00:00+00:00,2021-04-19T00:00:00+00:00,37.3501,28.999444999999994,stop,30,0.32098150084096894,37.22508105734658,-0.6006107768452859,0.003817688721737994,0.3481184360629489,-0.9525469016299728,-0.9525469016299728
AVAX,2021-05-07,uzun,2021-05-07T00:00:00+00:00,2021-05-20T00:00:00+00:00,38.1073,25.799814999999988,stop,13,0.1064268051100636,37.93237778588356,-0.8514341572348129,0.0035368851134952883,0.014236624000960181,-0.8692076663492683,-0.8692076663492683
AVAX,2021-07-31,uzun,2021-07-31T00:00:00+00:00,2021-08-27T00:00:00+00:00,12.982,41.584399999999974,stop,27,0.1592246452059525,20.028501001386662,11.000499980769892,0.01678901580708423,0.12484109518864578,10.85886986977416,10.85886986977416
AVAX,2021-09-13,uzun,2021-09-13T00:00:00+00:00,2021-12-05T00:00:00+00:00,59.3,96.29994999999998,stop,83,0.013400409829201109,45.30328836424961,1.3772624823886959,0.004633562443118048,0.10694636471076549,1.2656825552348123,1.2656825552348123
AVAX,2022-07-19,uzun,2022-07-19T00:00:00+00:00,2022-08-20T00:00:00+00:00,23.95,22.98699999999998,stop,32,1.04143337066069,22.371607515657704,-0.17973124300112264,0.0070081373646882885,0.013485620100783826,-0.20022500046659475,-0.20022500046659475
AVAX,2022-10-29,uzun,2022-10-29T00:00:00+00:00,2022-11-09T00:00:00+00:00,18.32,16.566899999999976,stop,11,0.9703567836222635,13.838155021834172,-0.691517267222851,0.011009021162455775,-0.009760043863282176,-0.6927662445220245,-0.6927662445220245
AVAX,2023-01-11,uzun,2023-01-11T00:00:00+00:00,2023-03-04T00:00:00+00:00,12.729,16.77669999999998,stop,52,0.17119947990031278,10.875559745463296,2.9238993029218876,0.01705100588723921,0.15642863814064067,2.7504196588940077,2.7504196588940077
AVAX,2023-04-14,uzun,2023-04-14T00:00:00+00:00,2023-04-20T00:00:00+00:00,18.835,18.737649999999977,stop,6,0.16917161831527572,11.392354658879865,-0.045368752184561364,0.01400821158103212,0.027321919771641324,-0.0866988835372348,-0.0866988835372348
AVAX,2023-07-15,uzun,2023-07-15T00:00:00+00:00,2023-08-02T00:00:00+00:00,14.64,12.439199999999976,stop,18,0.5495546712147006,16.220286885246058,-0.9267892110416284,0.009122759143452624,0.023348353989008672,-0.9592603241740897,-0.9592603241740897
AVAX,2023-10-02,uzun,2023-10-02T00:00:00+00:00,2023-10-10T00:00:00+00:00,9.749,9.356749999999975,stop,8,0.41039267788602307,10.42260744691788,-0.3860348390906566,0.01504241708493221,0.012702195748449656,-0.4137794519240385,-0.4137794519240385
AVAX,2023-11-02,uzun,2023-11-02T00:00:00+00:00,2024-01-04T00:00:00+00:00,12.238,33.68549999999998,stop,63,0.7582099162910398,15.227978427847887,11.508639192959704,0.01971388710023584,0.2423666422622845,11.246558663597183,11.246558663597183
AVAX,2024-02-10,uzun,2024-02-10T00:00:00+00:00,2024-02-24T00:00:00+00:00,38.009,35.21259999999997,stop,14,0.17402915322131832,17.733300007892925,-0.4148807536812459,0.008690668743740927,0.03779099207151058,-0.4613624144964974,-0.4613624144964974
AVAX,2024-03-12,uzun,2024-03-12T00:00:00+00:00,2024-04-13T00:00:00+00:00,49.179,43.53469999999998,stop,32,1.040930586508669,22.444946013542413,-0.511342429019225,0.006719479625301211,0.11627365904223477,-0.6343355676867609,-0.6343355676867609
AVAX,2024-05-21,uzun,2024-05-21T00:00:00+00:00,2024-06-05T00:00:00+00:00,40.119,34.47369999999998,stop,15,0.10991606019621715,17.41606221491069,-0.8079546023772217,0.008540558024373288,0.029557657388205403,-0.8460528177898003,-0.8460528177898003
DOT,2021-02-04,uzun,2021-02-04T00:00:00+00:00,2021-02-24T00:00:00+00:00,20.879,29.051899999999996,stop,20,0.5688174907280281,35.06130561808516,1.116447759359055,0.005456593515425963,0.25841077051410777,0.8525803953295211,0.8525803953295211
DOT,2021-04-03,uzun,2021-04-03T00:00:00+00:00,2021-04-19T00:00:00+00:00,41.135,35.448449999999994,stop,16,0.28152724727222816,23.962440743892085,-0.5769076641354577,0.006215590015166959,0.2968340360659228,-0.8799572902165473,-0.8799572902165473
DOT,2021-05-15,uzun,2021-05-15T00:00:00+00:00,2021-05-20T00:00:00+00:00,48.064,35.116599999999984,stop,5,0.8916075814449221,26.93783288948072,-1.0000000000000002,0.005139601773329001,0.01618656563016511,-1.0213261674034944,-1.0213261674034944
DOT,2021-08-01,uzun,2021-08-01T00:00:00+00:00,2021-09-08T00:00:00+00:00,16.764,25.96304999999999,stop,38,0.7479727276394849,22.178775948461045,2.474159841852575,0.009193432040989203,0.12804647139226172,2.3369199384193244,2.3369199384193244
DOT,2021-09-13,uzun,2021-09-13T00:00:00+00:00,2021-11-11T00:00:00+00:00,35.823,42.49174999999998,stop,59,0.012992042374045781,33.518549535214845,0.5553889909097323,0.005217787438527227,0.10339979050581506,0.44677141296539,0.44677141296539
DOT,2022-03-23,uzun,2022-03-23T00:00:00+00:00,2022-04-09T00:00:00+00:00,20.203,19.295349999999996,stop,17,0.35675128616007223,17.6067910706331,-0.25516572488825234,0.008883270079559177,-0.014014989955300644,-0.2500340050125109,-0.2500340050125109
DOT,2022-07-20,uzun,2022-07-20T00:00:00+00:00,2022-08-20T00:00:00+00:00,7.784,7.459599999999998,stop,31,0.1260630315157572,19.260662898252843,-0.21637485409371437,0.00813398699349674,-0.0722387389961647,-0.1522701020910464,-0.1522701020910464
DOT,2022-11-05,uzun,2022-11-05T00:00:00+00:00,2022-11-09T00:00:00+00:00,7.052,6.163549999999997,stop,4,0.7462434577072387,12.598553601815116,-1.0000000000000004,0.011899870561089508,-0.003909655152231406,-1.0079902154088587,-1.0079902154088587
DOT,2023-01-09,uzun,2023-01-09T00:00:00+00:00,2023-03-04T00:00:00+00:00,4.825,6.20265,stop,54,0.8413547237076565,8.720207253886056,3.2742721330956455,0.02096760546642889,0.07773358823529378,3.175570939393923,3.175570939393923
DOT,2023-04-14,uzun,2023-04-14T00:00:00+00:00,2023-04-21T00:00:00+00:00,6.634,6.169949999999999,stop,7,0.19588247051768723,11.312179680434133,-0.6183623159437682,0.013649357052435198,0.017680058631487767,-0.6496917316276912,-0.6496917316276912
DOT,2023-07-02,uzun,2023-07-02T00:00:00+00:00,2023-08-16T00:00:00+00:00,5.348,4.74865,stop,45,0.40784618372499315,14.441847419596117,-0.7760082863986535,0.010458108370557386,0.006446543665436648,-0.7929129384346475,-0.7929129384346475
DOT,2023-10-02,uzun,2023-10-02T00:00:00+00:00,2023-10-10T00:00:00+00:00,4.261,3.89875,stop,8,0.3146997929606646,8.501525463506221,-0.9999999999999997,0.018020151828847482,-0.03413387412008281,-0.9838862777087644,-0.9838862777087644
DOT,2023-10-24,uzun,2023-10-24T00:00:00+00:00,2023-12-12T00:00:00+00:00,4.356,6.27685,stop,49,1.3284132841328424,10.265151515151528,4.29576204852957,0.01902332550598231,0.14890203985239808,4.12783668317119,4.12783668317119
DOT,2023-12-22,uzun,2023-12-22T00:00:00+00:00,2024-01-04T00:00:00+00:00,8.432,7.012,stop,13,1.061343719571569,21.923624288425046,-0.7681488694146927,0.006683544303797469,0.053117586065130375,-0.8279499997836206,-0.8279499997836206
DOT,2024-02-15,uzun,2024-02-15T00:00:00+00:00,2024-03-06T00:00:00+00:00,7.652,8.1518,stop,20,0.635483870967739,12.153685311029802,0.537419354838709,0.01359466666666666,0.19646370124731177,0.32736098692473053,0.32736098692473053
DOT,2024-03-12,uzun,2024-03-12T00:00:00+00:00,2024-03-20T00:00:00+00:00,11.062,8.7527,stop,8,0.062477896970410285,23.005785572229254,-0.9074226885142829,0.006228834138865968,0.025136024944005672,-0.9387875475971545,-0.9387875475971545
DOT,2024-05-21,uzun,2024-05-21T00:00:00+00:00,2024-06-08T00:00:00+00:00,7.573,6.595100000000001,stop,18,0.27133825079030527,15.037633698666296,-0.8587109237794172,0.009953003161222353,0.043706743572181295,-0.9123706705128208,-0.9123706705128208
LTC,2021-02-09,uzun,2021-02-09T00:00:00+00:00,2021-02-23T00:00:00+00:00,167.71,177.6665,stop,14,0.08447583437197055,25.83387991175243,0.2298042745695426,0.006377260767206757,0.2454018142708766,-0.02197480046854075,-0.02197480046854075
LTC,2021-04-06,uzun,2021-04-06T00:00:00+00:00,2021-04-19T00:00:00+00:00,221.85,243.25450000000004,stop,13,0.23244331345664512,17.801893171061515,0.5419752617519353,0.009421388329725153,0.304678606251662,0.22787526717054818,0.22787526717054818
LTC,2021-05-06,uzun,2021-05-06T00:00:00+00:00,2021-05-17T00:00:00+00:00,356.75,289.35350000000005,stop,11,0.5936755033460671,29.278486334968463,-0.645245138868943,0.004948567270777687,0.05718301078974831,-0.7073767169294689,-0.7073767169294689
LTC,2021-07-29,uzun,2021-07-29T00:00:00+00:00,2021-09-08T00:00:00+00:00,140.45,192.14950000000005,stop,41,0.006097560975607685,17.515129939480218,2.101605691056916,0.01081624390243904,0.1456695444918701,1.945119902662607,1.945119902662607
LTC,2021-10-16,uzun,2021-10-16T00:00:00+00:00,2021-10-28T00:00:00+00:00,189.87,171.255,stop,12,0.2306765364090211,18.356770421867594,-0.5340850404544675,0.008288862110518162,0.06203678391289379,-0.6044106864778794,-0.6044106864778794
LTC,2021-11-09,uzun,2021-11-09T00:00:00+00:00,2021-11-17T00:00:00+00:00,229.3,220.49100000000004,stop,8,1.0302222542415627,18.16027038813781,-0.2115437724385521,0.008641206488719187,0.023876461678854027,-0.2440614406061253,-0.2440614406061253
LTC,2022-03-20,uzun,2022-03-20T00:00:00+00:00,2022-04-07T00:00:00+00:00,116.62,113.2485,stop,16,0.09313688067791431,16.84831075287257,-0.1715907066697203,0.009359228439830019,0.026926913128228622,-0.20787684823777894,-0.20787684823777894
LTC,2022-07-19,uzun,2022-07-19T00:00:00+00:00,2022-08-21T00:00:00+00:00,58.55,52.82800000000001,stop,33,0.4484953703703704,17.70794192997435,-0.5518904320987652,0.0085939814814815,0.03577581192129639,-0.5962602255015431,-0.5962602255015431
LTC,2022-09-11,uzun,2022-09-11T00:00:00+00:00,2022-09-20T00:00:00+00:00,63.26,51.41450000000002,stop,9,0.13929340255793288,18.725102750553248,-0.9999999999999997,0.007744679414123519,0.001053986205732136,-1.0087986656198553,-1.0087986656198553
LTC,2022-10-26,uzun,2022-10-26T00:00:00+00:00,2022-11-09T00:00:00+00:00,55.91,60.10800000000001,stop,14,0.3433476394849759,10.00178858880341,0.7507153075822648,0.01659771101573681,0.02840631927753941,0.7057112772889885,0.7057112772889885
LTC,2022-11-24,uzun,2022-11-24T00:00:00+00:00,2022-12-18T00:00:00+00:00,78.96,64.32750000000001,stop,24,0.8276569252178998,25.936550151975677,-0.7144949827876649,0.005597304621694868,0.01379254364608511,-0.7338848310554448,-0.7338848310554448
LTC,2023-01-09,uzun,2023-01-09T00:00:00+00:00,2023-03-04T00:00:00+00:00,78.68,86.87650000000001,stop,54,0.17699115044247898,12.71034570411794,0.819609019549023,0.013243857807109655,0.12378498875056228,0.682580172991351,0.682580172991351
LTC,2023-04-17,uzun,2023-04-17T00:00:00+00:00,2023-04-20T00:00:00+00:00,100.11,89.619,stop,3,0.1796701944376088,12.17560683248426,-0.8606940684223486,0.012452473541717952,0.006570514398227917,-0.8797170563622945,-0.8797170563622945
LTC,2023-05-18,uzun,2023-05-18T00:00:00+00:00,2023-06-06T00:00:00+00:00,93.82,84.18950000000001,stop,19,0.5181957366623493,13.575463653805153,-0.7561339457464757,0.011181062301260163,0.036980615380991656,-0.8042956234287275,-0.8042956234287275
LTC,2023-07-01,uzun,2023-07-01T00:00:00+00:00,2023-07-08T00:00:00+00:00,108.65,94.535,stop,7,2.635975826519731,15.534284399447758,-0.8362957696409538,0.009630761938618325,0.011962379162223024,-0.8578889107417951,-0.8578889107417951
LTC,2023-10-24,uzun,2023-10-24T00:00:00+00:00,2023-11-22T00:00:00+00:00,69.03,64.95500000000001,stop,29,0.9423161602818158,9.869621903520194,-0.59812123880816,0.0157328636430354,0.10575815468956416,-0.7196122571407596,-0.7196122571407596
LTC,2023-12-09,uzun,2023-12-09T00:00:00+00:00,2023-12-12T00:00:00+00:00,78.55,70.16199999999999,stop,3,1.2195994277539328,10.678548695098666,-1.0000000000000004,0.014183309489747255,0.01213779172627563,-1.0263211012160234,-1.0263211012160234
LTC,2024-02-28,uzun,2024-02-28T00:00:00+00:00,2024-03-06T00:00:00+00:00,74.06,82.803,stop,7,0.21973710025505278,10.323386443424257,1.1435484925773318,0.016413628932051526,0.13078450636322014,0.9963503572820601,0.9963503572820601
LTC,2024-03-12,uzun,2024-03-12T00:00:00+00:00,2024-03-18T00:00:00+00:00,104.06,82.1375,stop,6,1.2617174136161475,21.06717278493177,-1.0,0.006794754247918805,0.028766555730413958,-1.0355613099783327,-1.0355613099783327
LTC,2024-03-30,uzun,2024-03-30T00:00:00+00:00,2024-04-13T00:00:00+00:00,109.14,83.682,stop,14,0.38651897242517097,23.32600329851567,-0.9999999999999999,0.0060592976667452276,0.035482632382748076,-1.0415419300494932,-1.0415419300494932
LTC,2024-05-21,uzun,2024-05-21T00:00:00+00:00,2024-06-08T00:00:00+00:00,88.67,79.4835,stop,18,1.249599487343802,10.559377467012517,-0.9811492043148559,0.014367489052654068,0.05852409405105201,-1.054040787418562,-1.054040787418562
CRV,2021-01-23,uzun,2021-01-23T00:00:00+00:00,2021-02-16T00:00:00+00:00,1.958,2.1548500000000006,stop,24,0.11509687320161148,39.936159346271694,0.2517424387748586,0.005259735277191639,0.1635948750943155,0.08288782840335143,0.08288782840335143
CRV,2021-03-30,uzun,2021-03-30T00:00:00+00:00,2021-04-19T00:00:00+00:00,3.525,2.7606000000000006,stop,20,0.3721041891729682,35.45106382978721,-0.6116912735565958,0.005029888368743253,0.23722808546393015,-0.8539492473892693,-0.8539492473892693
CRV,2021-08-07,uzun,2021-08-07T00:00:00+00:00,2021-09-08T00:00:00+00:00,1.924,1.8413000000000013,stop,32,0.6896551724137951,22.383056133056062,-0.19203529548356885,0.008743295019157118,0.08502909471728798,-0.28580768522001393,-0.28580768522001393
CRV,2021-09-15,uzun,2021-09-15T00:00:00+00:00,2021-09-27T00:00:00+00:00,2.801,2.122500000000002,stop,12,0.464884608998839,32.25455194573361,-0.7510100171564553,0.005449665172394721,0.0138285907908573,-0.7702882731197074,-0.7702882731197074
CRV,2021-10-23,uzun,2021-10-23T00:00:00+00:00,2021-11-11T00:00:00+00:00,3.335,3.7942000000000013,stop,19,0.6835296389264353,23.293853073463218,0.5911051039454236,0.009177061208727574,0.06018420377164198,0.521743838965054,0.521743838965054
CRV,2021-11-24,uzun,2021-11-24T00:00:00+00:00,2021-12-04T00:00:00+00:00,5.058,4.165800000000002,stop,10,0.0909360482356436,30.00296559905098,-0.5879213205495694,0.006078086389245831,0.010900422457250179,-0.6048998293960653,-0.6048998293960653
CRV,2021-12-23,uzun,2021-12-23T00:00:00+00:00,2022-01-09T00:00:00+00:00,5.055,4.6354500000000005,stop,17,0.09783140388064658,36.39762611275962,-0.22802869721180474,0.005266835154084465,0.007381662726235126,-0.24067719509212435,-0.24067719509212435
CRV,2022-03-28,uzun,2022-03-28T00:00:00+00:00,2022-04-09T00:00:00+00:00,2.615,2.3664000000000014,stop,12,1.1396011396011445,18.12045889101332,-0.5246385987126722,0.010512609475572478,-0.012205209665506006,-0.5229459985227387,-0.5229459985227387
CRV,2022-07-06,uzun,2022-07-06T00:00:00+00:00,2022-08-20T00:00:00+00:00,0.955,1.058750000000002,stop,45,0.6949806949806991,32.54450261780084,0.3338159588159678,0.006479247104247153,-0.022065016891891998,0.3494017286036127,0.3494017286036127
CRV,2022-11-05,uzun,2022-11-05T00:00:00+00:00,2022-11-09T00:00:00+00:00,1.025,0.826700000000002,stop,4,0.680786686838132,19.346341463414426,-1.0000000000000002,0.009337871911245698,0.0014515405950580088,-1.010789412506304,-1.010789412506304
CRV,2023-01-09,uzun,2023-01-09T00:00:00+00:00,2023-03-04T00:00:00+00:00,0.577,0.9276000000000019,stop,54,0.17057569296375813,12.192374350086274,4.9836531627578236,0.021387348969439213,0.0920214527363211,4.870244361052063,4.870244361052063
CRV,2023-04-14,uzun,2023-04-14T00:00:00+00:00,2023-04-20T00:00:00+00:00,1.066,0.9550000000000018,stop,6,0.35643564356436114,14.212007504690256,-0.7326732673267299,0.013339933993399514,0.009682164884488573,-0.755695366204618,-0.755695366204618
CRV,2023-07-01,uzun,2023-07-01T00:00:00+00:00,2023-07-31T00:00:00+00:00,0.76,0.6911500000000018,stop,30,0.04166666666666725,18.947368421052385,-0.47812499999999364,0.0100774305555557,0.009968825000000119,-0.4981712555555495,-0.4981712555555495
CRV,2023-09-23,uzun,2023-09-23T00:00:00+00:00,2023-10-10T00:00:00+00:00,0.49,0.44985000000000175,stop,17,1.4224137931034835,14.204081632652697,-0.5768678160919435,0.013503591954023359,-0.013174170977011856,-0.577197237068955,-0.577197237068955
CRV,2023-11-02,uzun,2023-11-02T00:00:00+00:00,2023-11-10T00:00:00+00:00,0.522,0.48600000000000176,stop,8,0.5500982318271253,14.626436781608854,-0.4715127701375127,0.013202357563851018,0.01572495088408681,-0.5004400785854505,-0.5004400785854505
CRV,2023-11-11,uzun,2023-11-11T00:00:00+00:00,2023-12-19T00:00:00+00:00,0.604,0.5976000000000018,stop,38,0.24390243902439412,20.36423841059572,-0.05203252032518928,0.009769105691057073,0.08451889853658666,-0.146320524552833,-0.146320524552833
CRV,2024-02-13,uzun,2024-02-13T00:00:00+00:00,2024-03-06T00:00:00+00:00,0.52,0.6110500000000018,stop,22,0.3669724770642283,15.721153846153513,1.1137614678899532,0.013835474006116524,0.1191295510703389,0.9807964428134976,0.9807964428134976
CRV,2024-03-12,uzun,2024-03-12T00:00:00+00:00,2024-03-20T00:00:00+00:00,0.857,0.6069500000000018,stop,8,0.0719856028794247,29.177362893815427,-1.0,0.005854629074185212,0.025873688542291735,-1.0317283176164769,-1.0317283176164769
CRV,2024-05-21,uzun,2024-05-21T00:00:00+00:00,2024-06-08T00:00:00+00:00,0.463,0.4142000000000017,stop,18,0.15904572564612693,16.295896328293374,-0.6467859509608936,0.011626242544731892,0.03252352551358589,-0.6909357190192114,-0.6909357190192114
BNB,2021-02-02,uzun,2021-02-02T00:00:00+00:00,2021-02-21T00:00:00+00:00,51.461,260.55155,stop,19,1.153096670338049,20.642233924719694,19.683371459233527,0.020560571700226873,0.3125998389288974,19.350211048604404,19.350211048604404
BNB,2021-04-02,uzun,2021-04-02T00:00:00+00:00,2021-04-19T00:00:00+00:00,335.374,471.49235000000004,stop,17,0.764839481922535,20.401760422692263,1.9893886779437098,0.008254725001534596,0.27069237583328243,1.7104415771088928,1.7104415771088928
BNB,2021-05-04,uzun,2021-05-04T00:00:00+00:00,2021-05-18T00:00:00+00:00,676.991,507.2152000000001,stop,14,0.5122966165988857,27.219002911412403,-0.921341595114131,0.004498526294539217,0.06234258490374463,-0.9881827063124149,-0.9881827063124149
BNB,2021-08-08,uzun,2021-08-08T00:00:00+00:00,2021-09-08T00:00:00+00:00,356.25,415.55499999999995,stop,31,0.42253521126760624,16.143157894736863,1.0312119631368435,0.009394253173361143,0.16415103025560748,0.8576666797078749,0.8576666797078749
BNB,2021-10-06,uzun,2021-10-06T00:00:00+00:00,2021-11-18T00:00:00+00:00,441.87,554.0274999999998,stop,43,0.13243854246399847,19.070201643017207,1.331001418136718,0.008272997252730938,-0.028351194713138777,1.3510796155971259,1.3510796155971259
BNB,2022-03-25,uzun,2022-03-25T00:00:00+00:00,2022-04-12T00:00:00+00:00,414.09,398.7234999999998,stop,18,0.13687176787538913,11.697819314641793,-0.31723077240681957,0.011745981069168706,0.0002972348868175753,-0.32927398836280586,-0.32927398836280586
BNB,2022-07-17,uzun,2022-07-17T00:00:00+00:00,2022-08-20T00:00:00+00:00,249.71,278.27649999999977,stop,34,0.06418210602883878,14.038885106723882,0.814870280832359,0.010542711052158593,-0.01292894689429913,0.8172565166744995,0.8172565166744995
BNB,2022-10-05,uzun,2022-10-05T00:00:00+00:00,2022-10-14T00:00:00+00:00,295.99,262.1244999999998,stop,9,0.5527749479558816,11.441433832224137,-1.0,0.011536228610237478,-0.0027648632561160886,-1.0087713653541213,-1.0087713653541213
BNB,2022-10-29,uzun,2022-10-29T00:00:00+00:00,2022-11-09T00:00:00+00:00,297.85,316.9919999999998,stop,11,0.5848174813691994,7.974148061104659,0.8059450128415472,0.0181208959622751,-0.03710415178308247,0.8249282686623546,0.8249282686623546
BNB,2023-01-08,uzun,2023-01-08T00:00:00+00:00,2023-02-14T00:00:00+00:00,261.1,291.38249999999977,stop,37,0.031919744642048026,7.559172730754588,1.5343010589248312,0.019594555910219153,-0.006115219435577783,1.5208217224501899,1.5208217224501899
BNB,2023-03-17,uzun,2023-03-17T00:00:00+00:00,2023-04-04T00:00:00+00:00,329.05,300.87799999999976,stop,18,0.7601454902121012,11.15438383224441,-0.7675562276077234,0.012013829743757328,-0.24488757434576935,-0.5346824830057113,-0.5346824830057113
BNB,2023-04-17,uzun,2023-04-17T00:00:00+00:00,2023-04-20T00:00:00+00:00,347.86,321.7269999999998,stop,3,1.265067156468826,7.5125050307595655,-0.9999999999999994,0.017935594841770784,0.010409177721654525,-1.028344772563425,-1.028344772563425
BNB,2023-10-24,uzun,2023-10-24T00:00:00+00:00,2023-11-22T00:00:00+00:00,228.81,231.29399999999978,stop,29,1.5212999560825495,7.463616100694996,0.14545454545453076,0.018859481774264136,0.16505203153271636,-0.03845696785244973,-0.03845696785244973
BNB,2023-12-13,uzun,2023-12-13T00:00:00+00:00,2024-03-06T00:00:00+00:00,253.64,367.9539999999997,stop,84,0.6641269841269772,9.314382589497004,4.838687830687779,0.01841759999999984,-0.5991035848465555,5.4193738155343345,5.4193738155343345
BNB,2024-03-07,uzun,2024-03-07T00:00:00+00:00,2024-03-20T00:00:00+00:00,429.64,536.5739999999997,stop,13,0.07476989328727152,14.755260217856868,1.6868024828652222,0.010668903453769606,0.03725918702095593,1.6388743923904965,1.6388743923904965
BNB,2024-05-22,uzun,2024-05-22T00:00:00+00:00,2024-06-11T00:00:00+00:00,619.02,645.5629999999998,stop,20,0.4865849216947894,9.979887564214435,0.4296548095989591,0.014328972522358416,0.04901027159402678,0.3663155654825739,0.3663155654825739
NEAR,2021-02-06,uzun,2021-02-06T00:00:00+00:00,2021-02-23T00:00:00+00:00,2.8699,3.3884200000000004,stop,17,0.2527006172839503,37.933029025401574,0.4763007054673727,0.004599000587889478,0.19926845269694307,0.2724332521825401,0.2724332521825401
NEAR,2021-03-10,uzun,2021-03-10T00:00:00+00:00,2021-03-25T00:00:00+00:00,5.4216,4.977335,stop,15,0.7959122066868404,37.57719123505976,-0.21806718254932408,0.0040834483147915,0.06090763904313828,-0.28305826990725386,-0.28305826990725386
NEAR,2021-04-07,uzun,2021-04-07T00:00:00+00:00,2021-04-19T00:00:00+00:00,6.7818,4.800555000000001,stop,12,0.13173534822800786,29.214146686720323,-1.0,0.0046767986796181224,0.16532582833218518,-1.1700026270118034,-1.1700026270118034
NEAR,2021-08-08,uzun,2021-08-08T00:00:00+00:00,2021-08-25T00:00:00+00:00,2.7848,4.895305000000002,stop,17,0.8794164577159828,23.630063200229753,3.207210698275219,0.009336804194210195,0.06338214110174017,3.1344917529792684,3.1344917529792684
NEAR,2021-09-08,uzun,2021-09-08T00:00:00+00:00,2021-09-22T00:00:00+00:00,8.6791,7.166570000000004,stop,14,1.9425559088068278,31.801396458158077,-0.5480032245500567,0.004592823021113562,0.015006699489687792,-0.567602747060858,-0.567602747060858
NEAR,2021-10-22,uzun,2021-10-22T00:00:00+00:00,2021-11-01T00:00:00+00:00,9.4832,9.853755000000003,stop,10,0.8121855824464946,22.606767757718885,0.1728459846677365,0.007215803381307895,0.05357492999353971,0.1120552512928889,0.1120552512928889
NEAR,2021-12-12,uzun,2021-12-12T00:00:00+00:00,2021-12-19T00:00:00+00:00,11.6339,8.169635,stop,7,1.074427042965824,29.777331763209244,-1.0000000000000002,0.00457321480891329,0.006716518511141614,-1.011289733320055,-1.011289733320055
NEAR,2022-01-12,uzun,2022-01-12T00:00:00+00:00,2022-01-22T00:00:00+00:00,18.0341,14.399569999999999,stop,10,0.18919269146041198,33.37710226737128,-0.6038167482381552,0.004310652139964047,0.0036191278389702377,-0.6117465282170895,-0.6117465282170895
NEAR,2022-03-24,uzun,2022-03-24T00:00:00+00:00,2022-04-27T00:00:00+00:00,12.491,13.374149999999998,stop,32,0.541738754325259,22.211192058281963,0.3183210784313721,0.007458232410611304,0.036685198969146515,0.27417764705161424,0.27417764705161424
NEAR,2022-07-19,uzun,2022-07-19T00:00:00+00:00,2022-07-27T00:00:00+00:00,4.059,3.580249999999999,stop,8,0.6033898305084753,21.80339985218036,-0.540960451977402,0.006905536723163835,-0.0012031151186440666,-0.5466628735819218,-0.5466628735819218
NEAR,2022-08-06,uzun,2022-08-06T00:00:00+00:00,2022-08-20T00:00:00+00:00,5.194,4.575399999999999,stop,14,0.9595235469284201,26.185021178282653,-0.45483621925664514,0.005746494614168591,0.00039866303444726427,-0.460981376905261,-0.460981376905261
NEAR,2022-09-10,uzun,2022-09-10T00:00:00+00:00,2022-09-16T00:00:00+00:00,4.81,4.1385,stop,6,0.3088162045492277,18.782744282744293,-0.7432619403398082,0.00792384747357352,0.007421918645193418,-0.7586077064585751,-0.7586077064585751
NEAR,2022-11-05,uzun,2022-11-05T00:00:00+00:00,2022-11-09T00:00:00+00:00,3.306,2.7918,stop,4,0.39795338260375374,15.961887477313976,-0.974417282546902,0.009244343376918703,-0.00030691859010801626,-0.9833547073337127,-0.9833547073337127
NEAR,2023-01-12,uzun,2023-01-12T00:00:00+00:00,2023-03-04T00:00:00+00:00,1.82,2.0550499999999996,stop,51,1.002666666666667,15.453296703296713,0.8357333333333312,0.011022364444444438,0.10200037119999968,0.722710597688887,0.722710597688887
NEAR,2023-04-13,uzun,2023-04-13T00:00:00+00:00,2023-04-22T00:00:00+00:00,2.225,1.9867999999999997,stop,9,1.0374891020052324,15.46516853932585,-0.6922406277244996,0.009792037198488807,0.017185328392909024,-0.7192179933158973,-0.7192179933158973
NEAR,2023-10-02,uzun,2023-10-02T00:00:00+00:00,2023-10-10T00:00:00+00:00,1.161,1.0428,stop,8,0.1522842639593909,10.180878552971583,-1.0,0.014915736040609128,-0.012179007868020297,-1.0027367281725887,-1.0027367281725887
NEAR,2023-10-25,uzun,2023-10-25T00:00:00+00:00,2023-11-10T00:00:00+00:00,1.137,1.3816499999999996,stop,16,0.5700712589073575,11.108179419525086,1.9370546318289716,0.015953444180522535,0.05832972042755334,1.862771467220896,1.862771467220896
NEAR,2023-11-13,uzun,2023-11-13T00:00:00+00:00,2023-12-19T00:00:00+00:00,1.704,2.0760499999999995,stop,36,0.18470631695603917,23.829225352112683,0.9162664696465939,0.007447457209703235,0.07079881847063166,0.838020193966259,0.838020193966259
NEAR,2023-12-21,uzun,2023-12-21T00:00:00+00:00,2024-01-04T00:00:00+00:00,2.848,3.1764999999999994,stop,14,1.006844778096709,23.853581460674164,0.48355045263855084,0.007094428497828806,0.06167966862442038,0.41477635551630165,0.41477635551630165
NEAR,2024-02-13,uzun,2024-02-13T00:00:00+00:00,2024-03-06T00:00:00+00:00,3.382,3.4448,stop,22,0.8167770419426048,16.07332939089298,0.11552612214863812,0.010046799116997783,0.16562225132450317,-0.06014292829286283,-0.06014292829286283
NEAR,2024-03-07,uzun,2024-03-07T00:00:00+00:00,2024-03-20T00:00:00+00:00,5.901,6.409199999999999,stop,13,2.1745490004875667,26.067615658363,0.33037542662116,0.006402184300341294,0.08220061351535832,0.24177262880546038,0.24177262880546038
XRP,2021-01-31,uzun,2021-01-31T00:00:00+00:00,2021-02-02T00:00:00+00:00,0.4448,0.36267,stop,2,1.825856246985045,27.963129496402885,-0.6603151632095189,0.004544372085544299,0.022107647145843377,-0.6869671824409065,-0.6869671824409065
XRP,2021-03-21,uzun,2021-03-21T00:00:00+00:00,2021-04-19T00:00:00+00:00,0.5265,1.3558849999999998,stop,29,0.13818761626361886,21.441595441595464,7.346842058641147,0.011672154309504816,0.48268796173265965,6.852481942598982,6.852481942598982
XRP,2021-07-29,uzun,2021-07-29T00:00:00+00:00,2021-09-08T00:00:00+00:00,0.7322,1.092505,stop,41,1.1767327835970567,18.384321223709378,2.6766584949112247,0.00948884555382215,0.2057409111804471,2.4614287381769553,2.4614287381769553
XRP,2021-10-10,uzun,2021-10-10T00:00:00+00:00,2021-11-17T00:00:00+00:00,1.1619,1.0561749999999996,stop,38,0.6268387871510056,21.501420087787263,-0.42319623736615714,0.006214960472330627,0.18639289794055833,-0.615804095779046,-0.615804095779046
XRP,2021-12-24,uzun,2021-12-24T00:00:00+00:00,2022-01-06T00:00:00+00:00,0.9938,0.7464049999999999,stop,13,0.11762565937064252,24.893841819279547,-1.0,0.004923880838335453,-0.0003817811677681517,-1.0045420996705672,-1.0045420996705672
XRP,2022-02-08,uzun,2022-02-08T00:00:00+00:00,2022-02-22T00:00:00+00:00,0.8309,0.7089999999999997,stop,14,1.2084709539537588,18.58346371404503,-0.7894566414092359,0.006980959782397505,0.012423410595168693,-0.8088610117868021,-0.8088610117868021
XRP,2022-07-19,uzun,2022-07-19T00:00:00+00:00,2022-08-20T00:00:00+00:00,0.3648,0.32668999999999976,stop,32,0.18018018018017898,16.43092105263165,-0.635802469135804,0.008075458792125421,-0.005338897297297273,-0.6385390306306321,-0.6385390306306321
XRP,2022-09-18,uzun,2022-09-18T00:00:00+00:00,2022-11-09T00:00:00+00:00,0.3761,0.43552999999999975,stop,52,0.8158575122091304,13.88327572454142,1.138178684286114,0.010880800536244312,-0.0048648461170161875,1.1321627298668857,1.1321627298668857
XRP,2023-01-14,uzun,2023-01-14T00:00:00+00:00,2023-03-04T00:00:00+00:00,0.3856,0.35976999999999976,stop,49,0.21580635753863883,13.338952282157742,-0.5021872265966777,0.010144045883153444,0.0946826237386987,-0.6070138962185299,-0.6070138962185299
XRP,2023-03-22,uzun,2023-03-22T00:00:00+00:00,2023-04-20T00:00:00+00:00,0.4695,0.46413499999999963,stop,29,2.6274815103152886,16.415335463258845,-0.06961204100169097,0.00847988192552222,0.022192053328143148,-0.10028397625535634,-0.10028397625535634
XRP,2023-05-29,uzun,2023-05-29T00:00:00+00:00,2023-06-11T00:00:00+00:00,0.482,0.4726699999999997,stop,13,0.16045845272206047,10.86099585062246,-0.17822349570201024,0.012765405921680928,0.02581172148997121,-0.21680062311366238,-0.21680062311366238
XRP,2023-07-14,uzun,2023-07-14T00:00:00+00:00,2023-07-15T00:00:00+00:00,0.8154,0.6893549999999998,stop,1,7.454480542663323,15.458057395143511,-1.0,0.008356765440913948,0.002421714387718668,-1.0107784798286328,-1.0107784798286328
XRP,2023-10-25,uzun,2023-10-25T00:00:00+00:00,2023-11-10T00:00:00+00:00,0.5585,0.6156249999999999,stop,16,0.2265451859147955,10.906893464637456,0.9377821554625245,0.013492366412213698,0.05407818476565689,0.8702116042846539,0.8702116042846539
XRP,2023-12-09,uzun,2023-12-09T00:00:00+00:00,2023-12-12T00:00:00+00:00,0.673,0.5929599999999998,stop,3,0.6671664167916036,11.893016344725147,-0.9999999999999997,0.011071614192903513,0.017449652298850517,-1.0285212664917538,-1.0285212664917538
XRP,2024-02-16,uzun,2024-02-16T00:00:00+00:00,2024-02-29T00:00:00+00:00,0.5624,0.5206599999999998,stop,13,1.042580645161286,10.335170697012844,-0.7181075268817214,0.013043303225806397,0.11021578969462324,-0.841366619802151,-0.841366619802151
XRP,2024-03-03,uzun,2024-03-03T00:00:00+00:00,2024-03-06T00:00:00+00:00,0.645,0.5521799999999999,stop,3,0.5817711700064637,14.390697674418629,-0.9999999999999997,0.009028506787330302,0.038190156755009634,-1.0472186635423395,-1.0472186635423395
XRP,2024-03-12,uzun,2024-03-12T00:00:00+00:00,2024-03-20T00:00:00+00:00,0.7242,0.5745599999999997,stop,8,1.0906174819566945,20.6628003314002,-1.0,0.006075461106655965,0.03641689354450676,-1.0424923546511629,-1.0424923546511629
SUI,2023-10-02,uzun,2023-10-02T00:00:00+00:00,2023-10-05T00:00:00+00:00,0.5068,0.43418499999999993,stop,3,0.4048750258211122,14.328137332280992,-1.0000000000000004,0.010366838807408928,0.00189982824485299,-1.0122666670522624,-1.0122666670522624
SUI,2023-10-29,uzun,2023-10-29T00:00:00+00:00,2024-01-04T00:00:00+00:00,0.4674,0.6792900000000001,stop,67,0.12639942217407005,17.772785622593087,2.550740339472732,0.011043120260021657,0.2531734808234014,2.2865237383893087,2.2865237383893087
SUI,2024-01-12,uzun,2024-01-12T00:00:00+00:00,2024-02-29T00:00:00+00:00,1.0935,1.438985,stop,48,1.3097360525285902,31.545953360768177,1.0015364322882696,0.005873195054427388,0.07210702982997781,0.9235562074038643,0.9235562074038643
SUI,2024-03-22,uzun,2024-03-22T00:00:00+00:00,2024-04-11T00:00:00+00:00,1.8278,1.5094199999999998,stop,20,0.22710514673352028,33.389320494583636,-0.5216864113781979,0.004374602238280164,0.042285406803323024,-0.5683464204198011,-0.5683464204198011
BTC,2024-07-16,uzun,2024-07-16T00:00:00+00:00,2024-08-04T00:00:00+00:00,64680.6,60911.01000000003,stop,19,0.334248403316761,11.539642489401723,-0.5050422633713405,0.010095910320462106,0.027950519290023693,-0.5430886929818263,-0.5430886929818263
BTC,2024-08-24,uzun,2024-08-24T00:00:00+00:00,2024-09-05T00:00:00+00:00,64020.0,55607.32000000003,stop,12,0.37575230286333056,15.996649484536032,-0.821466147774814,0.007008691194413101,0.0029226745291378764,-0.8313975134983649,-0.8313975134983649
BTC,2024-09-19,uzun,2024-09-19T00:00:00+00:00,2024-10-11T00:00:00+00:00,61735.3,59793.74500000004,stop,22,0.17014654050625672,11.147131381883566,-0.28213243355761947,0.01059582197170333,0.027847792348128467,-0.32057604787745125,-0.32057604787745125
BTC,2024-10-16,uzun,2024-10-16T00:00:00+00:00,2024-12-21T00:00:00+00:00,67044.0,93826.54500000004,stop,66,0.24171084553868674,9.46174154286732,4.222025433788472,0.015215869870561114,0.2823682075752788,3.9244413563426326,3.9244413563426326
BTC,2025-01-18,uzun,2025-01-18T00:00:00+00:00,2025-02-04T00:00:00+00:00,104042.6,93606.53500000003,stop,17,0.35368211701010954,10.438608800625861,-0.9609105390125785,0.010919238439865243,0.03839668749498199,-1.0102264649474257,-1.0102264649474257
BTC,2025-04-23,uzun,2025-04-23T00:00:00+00:00,2025-06-06T00:00:00+00:00,93404.9,102740.94000000003,stop,44,1.3303209515582455,11.842007218036708,0.844049122074246,0.010639846704845838,0.03847709189925167,0.7949321834701485,0.7949321834701485
BTC,2025-07-10,uzun,2025-07-10T00:00:00+00:00,2025-08-03T00:00:00+00:00,111199.8,112221.49000000003,stop,24,0.2731072000122067,7.071905704866342,0.1299207967502362,0.017046504521585622,0.09193264547526767,0.02094164675338292,0.02094164675338292
BTC,2025-08-14,uzun,2025-08-14T00:00:00+00:00,2025-08-19T00:00:00+00:00,123323.9,115216.25000000003,stop,5,0.3233612699117491,6.574273113321885,-0.9999999999999997,0.01765296849271991,0.012472861803358605,-1.0301258302960783,-1.0301258302960783
BTC,2025-10-02,uzun,2025-10-02T00:00:00+00:00,2025-10-11T00:00:00+00:00,118552.0,116694.70000000003,stop,9,0.29429083600412853,5.823077636817572,-0.2690423162583494,0.02044623390732804,0.03190271735781426,-0.3213912675234917,-0.3213912675234917
BTC,2026-01-05,uzun,2026-01-05T00:00:00+00:00,2026-01-21T00:00:00+00:00,91497.2,89879.33500000002,stop,16,0.23289861737541934,7.7711558386485775,-0.2275353391304814,0.015305197183276944,0.02678314581788072,-0.26962368213163906,-0.26962368213163906
BTC,2026-03-05,uzun,2026-03-05T00:00:00+00:00,2026-03-30T00:00:00+00:00,72641.4,64946.02500000002,stop,25,0.5387764658238102,13.053217586665408,-0.8115737752635509,0.008706191389194765,-0.007742535457559793,-0.812537431195186,-0.812537431195186
BTC,2026-04-14,uzun,2026-04-14T00:00:00+00:00,2026-05-19T00:00:00+00:00,74384.9,76251.53000000003,stop,35,0.25084541384776965,9.833265891330047,0.25519706499382294,0.01235659176713546,-0.01731398315488563,0.2601544563815731,0.2601544563815731
BTC,2026-07-15,uzun,2026-07-15T00:00:00+00:00,2026-10-01T00:00:00+00:00,65014.6,83576.9,acik,78,0.1551181045605575,9.602435452959746,2.9733052377989204,0.014280812784269141,0.13990502790476103,2.8191193971098905,2.135809249800553
ETH,2024-09-22,uzun,2024-09-22T00:00:00+00:00,2024-10-03T00:00:00+00:00,2611.4,2365.4305000000013,stop,11,0.32245334210310256,13.97296469326794,-0.6740921921675012,0.008183557510482638,0.016297114105620916,-0.6985728637836047,-0.6985728637836047
ETH,2024-10-21,uzun,2024-10-21T00:00:00+00:00,2024-10-24T00:00:00+00:00,2746.98,2445.342000000001,stop,3,0.5790384500626579,10.980713365222863,-1.0,0.010328251745469773,0.007285501163646515,-1.0176137529091163,-1.0176137529091163
ETH,2024-11-08,uzun,2024-11-08T00:00:00+00:00,2024-12-20T00:00:00+00:00,2895.76,3409.5155000000013,stop,42,1.0131762867121366,12.859266651932442,1.3796779308946598,0.010159598628796122,0.17115944941302247,1.1983588828528413,1.1983588828528413
ETH,2025-05-09,uzun,2025-05-09T00:00:00+00:00,2025-06-21T00:00:00+00:00,2206.53,2416.9875000000006,stop,43,3.4830376286589306,13.031026090739722,0.7319407999415756,0.009647955803410763,0.059920454042746506,0.6623723900954184,0.6623723900954184
ETH,2025-07-10,uzun,2025-07-10T00:00:00+00:00,2025-08-20T00:00:00+00:00,2767.69,4125.192000000001,stop,41,0.9949651912140159,14.456622670891575,3.3927838156327854,0.010336364215743271,0.06468882956203802,3.317758621855004,3.317758621855004
ETH,2025-08-23,uzun,2025-08-23T00:00:00+00:00,2025-09-23T00:00:00+00:00,4830.36,4095.855500000001,stop,31,0.14061935149618274,16.06349216207485,-0.9466185176521682,0.006902384574787894,0.02038485758240656,-0.9739057598093627,-0.9739057598093627
ETH,2025-10-07,uzun,2025-10-07T00:00:00+00:00,2025-10-11T00:00:00+00:00,4682.42,4162.218500000001,stop,4,0.22969945300042388,11.109671921784013,-1.0000000000000004,0.010201399073243756,0.00338632862112086,-1.013587727694365,-1.013587727694365
ETH,2025-12-10,uzun,2025-12-10T00:00:00+00:00,2025-12-18T00:00:00+00:00,3316.5,2814.098000000001,stop,8,0.4404102967722064,15.86037991858884,-0.955119631869767,0.006992951267990423,0.003927144262603631,-0.966039727400361,-0.966039727400361
ETH,2026-01-06,uzun,2026-01-06T00:00:00+00:00,2026-01-21T00:00:00+00:00,3223.72,3042.170000000001,stop,15,0.5414913527433448,9.91970456491255,-0.5677278533757979,0.01175649775551276,0.025107703396829502,-0.6045920545281402,-0.6045920545281402
ETH,2026-03-17,uzun,2026-03-17T00:00:00+00:00,2026-03-30T00:00:00+00:00,2351.66,1944.5255000000009,stop,13,1.047589924214237,17.3126429841048,-1.0,0.006331350696145886,-0.0034101667812479744,-1.002921183914898,-1.002921183914898
ETH,2026-04-12,uzun,2026-04-12T00:00:00+00:00,2026-05-18T00:00:00+00:00,2283.86,2155.825500000001,stop,36,0.10757858938194305,13.248163197393849,-0.42315732418502083,0.008803965039437249,-0.004588485142752345,-0.42737280408170575,-0.42737280408170575
ETH,2026-07-15,uzun,2026-07-15T00:00:00+00:00,2026-10-01T00:00:00+00:00,1891.12,2684.68,acik,78,0.5552801189885972,12.318811074918532,3.406370525854918,0.01178502211719865,0.08388561150223127,3.3106998922354887,2.349789706734328
SOL,2024-07-16,uzun,2024-07-16T00:00:00+00:00,2024-08-03T00:00:00+00:00,159.294,155.4155,stop,18,0.42915594756829817,19.216825492485576,-0.12670178447466227,0.007196591122544824,0.0218486138703908,-0.15574698946759788,-0.15574698946759788
SOL,2024-09-20,uzun,2024-09-20T00:00:00+00:00,2024-10-04T00:00:00+00:00,142.819,136.6218,stop,14,0.23407245162524695,15.919835596104143,-0.27256553874708295,0.00860326478731383,0.01782989518242655,-0.29899869871682333,-0.29899869871682333
SOL,2024-10-21,uzun,2024-10-21T00:00:00+00:00,2024-11-05T00:00:00+00:00,167.42,155.18620000000004,stop,15,0.9761217528207832,13.65786644367457,-0.5350214291961849,0.009875987929677268,0.02668615932826033,-0.5715835764541225,-0.5715835764541225
SOL,2024-11-07,uzun,2024-11-07T00:00:00+00:00,2024-12-10T00:00:00+00:00,186.6,209.64555000000001,stop,33,0.31995616502693347,16.431109324758822,0.7516376961199216,0.009046569277358956,0.12227372846778191,0.6203173983747807,0.6203173983747807
SOL,2025-01-19,uzun,2025-01-19T00:00:00+00:00,2025-02-02T00:00:00+00:00,261.91,217.6435000000001,stop,14,2.626817119040362,16.901416517124172,-1.0,0.007583329380005212,-0.00047788893858787077,-1.0071054404414173,-1.0071054404414173
SOL,2025-04-20,uzun,2025-04-20T00:00:00+00:00,2025-05-31T00:00:00+00:00,139.77,158.317,stop,41,0.33306447786687143,22.619660871431606,0.58664262782496,0.00659995571792318,0.005953449115149228,0.5740892229918876,0.5740892229918876
SOL,2025-07-11,uzun,2025-07-11T00:00:00+00:00,2025-07-25T00:00:00+00:00,164.3,180.02140000000003,stop,14,0.5071521456436925,15.4455264759586,0.6195137329077522,0.009497772786381378,0.024467537612798997,0.5855484225085719,0.5855484225085719
SOL,2025-08-14,uzun,2025-08-14T00:00:00+00:00,2025-09-23T00:00:00+00:00,201.57,217.19450000000003,stop,40,0.6139361545628431,15.175621372227985,0.5107798427565036,0.009582868304483584,0.04244267725199832,0.4587542972000216,0.4587542972000216
SOL,2026-01-06,uzun,2026-01-06T00:00:00+00:00,2026-01-20T00:00:00+00:00,137.84,130.07850000000002,stop,14,0.42395144487725406,12.012840975043524,-0.46873207114170884,0.011326083280490387,0.013017819874988684,-0.4930759742971879,-0.4930759742971879
SOL,2026-03-17,uzun,2026-03-17T00:00:00+00:00,2026-04-03T00:00:00+00:00,96.14,78.18900000000001,stop,17,0.3321094793057402,18.69773247347618,-0.9986092567868265,0.006788512461059192,-0.02153368065198042,-0.9838640885959052,-0.9838640885959052
SOL,2026-04-17,uzun,2026-04-17T00:00:00+00:00,2026-05-16T00:00:00+00:00,89.02,88.73150000000001,stop,29,0.3284499054820416,14.26196360368457,-0.022723692501574102,0.009800413516068054,0.007160795163831127,-0.03968490118147328,-0.03968490118147328
SOL,2026-07-02,uzun,2026-07-02T00:00:00+00:00,2026-10-01T00:00:00+00:00,77.42,118.05,acik,91,0.21630422142109706,16.660423663136143,3.1499786796914364,0.010608132728611854,0.049316873124781994,3.0900536738380424,2.156573036554637
ADA,2024-07-14,uzun,2024-07-14T00:00:00+00:00,2024-08-02T00:00:00+00:00,0.4414,0.37058500000000016,stop,19,0.7125796178343976,17.072949705482515,-0.9396894904458601,0.008619798301486223,0.021794945010615758,-0.9701042337579621,-0.9701042337579621
ADA,2024-08-24,uzun,2024-08-24T00:00:00+00:00,2024-09-02T00:00:00+00:00,0.391,0.32872500000000016,stop,9,0.6118377299933501,17.305626598465434,-0.9203428655878223,0.008509273627429268,0.008153590925884894,-0.9370057301411364,-0.9370057301411364
ADA,2024-09-25,uzun,2024-09-25T00:00:00+00:00,2024-10-02T00:00:00+00:00,0.3877,0.35240000000000016,stop,7,1.3181545835829889,12.914624709827148,-0.7050129818254431,0.011825044937088115,0.01503644158178555,-0.7318744683443168,-0.7318744683443168
ADA,2024-11-08,uzun,2024-11-08T00:00:00+00:00,2024-12-20T00:00:00+00:00,0.4068,0.871695,stop,42,1.6650246305418759,14.970501474926216,7.6337438423645505,0.01679467980295571,0.15021594325123175,7.466733219310362,7.466733219310362
ADA,2025-03-03,uzun,2025-03-03T00:00:00+00:00,2025-03-04T00:00:00+00:00,1.1336,0.8927449999999999,stop,1,3.772809366631374,21.246912491178552,-0.9999999999999999,0.006730505906043053,0.0002768872890328205,-1.0070073931950758,-1.0070073931950758
ADA,2025-04-24,uzun,2025-04-24T00:00:00+00:00,2025-05-31T00:00:00+00:00,0.6974,0.7001999999999998,stop,37,0.2664411080566724,20.342701462575306,0.01973637837456685,0.007881017833227592,0.018371257165010178,-0.006515896623670921,-0.006515896623670921
ADA,2025-07-10,uzun,2025-07-10T00:00:00+00:00,2025-07-31T00:00:00+00:00,0.6224,0.7472649999999998,stop,21,0.32339415516985265,16.24598329048847,1.2348810760025672,0.010836493101913636,0.0367253855511051,1.1873191973495485,1.1873191973495485
ADA,2025-08-14,uzun,2025-08-14T00:00:00+00:00,2025-09-02T00:00:00+00:00,0.9043,0.7823799999999999,stop,19,0.9310275487633207,16.49784363596154,-0.8172129499296197,0.009044466787318172,0.019763795026476266,-0.8460212117434142,-0.8460212117434142
ADA,2026-01-06,uzun,2026-01-06T00:00:00+00:00,2026-01-20T00:00:00+00:00,0.4208,0.3515799999999999,stop,14,0.6662368364496019,16.58626425855516,-0.9917615875062683,0.008853127014829126,0.011645479475607118,-1.0122601939967046,-1.0122601939967046
ADA,2026-05-11,uzun,2026-05-11T00:00:00+00:00,2026-05-17T00:00:00+00:00,0.2823,0.2532449999999999,stop,6,0.3613835828600917,10.292242295430437,-0.9999999999999996,0.014745689210118677,-9.288549303045918e-05,-1.0146528037170879,-1.0146528037170879
ADA,2026-07-05,uzun,2026-07-05T00:00:00+00:00,2026-07-14T00:00:00+00:00,0.1921,0.15959499999999988,stop,9,0.19381633594831413,16.920874544508127,-1.0000000000000002,0.008655776034456206,-0.0018295744654668441,-1.0068262015689895,-1.0068262015689895
ADA,2026-08-03,uzun,2026-08-03T00:00:00+00:00,2026-08-31T00:00:00+00:00,0.1895,0.1941599999999999,stop,28,0.9560439560439538,14.406332453825913,0.17069597069596587,0.011242783882783837,0.02966855036630026,0.1297846364468818,0.1297846364468818
ADA,2026-09-22,uzun,2026-09-22T00:00:00+00:00,2026-10-01T00:00:00+00:00,0.2451,0.2466,acik,9,0.6984126984126977,17.350061199510456,0.03527336860670186,0.00925008818342149,0.012574134320987619,0.013449146102292753,-0.7484556158024703
LINK,2024-07-22,uzun,2024-07-22T00:00:00+00:00,2024-08-02T00:00:00+00:00,14.81,12.208250000000003,stop,11,0.06918420294032926,17.567521944631988,-1.0,0.00830771596041127,0.006290357874507549,-1.0145980738349187,-1.0145980738349187
LINK,2024-08-25,uzun,2024-08-25T00:00:00+00:00,2024-09-05T00:00:00+00:00,12.335,10.08925,stop,11,0.16070761181014245,19.522496959870285,-0.9325817034176326,0.007449607574436278,0.004373057410406546,-0.9444043684024753,-0.9444043684024753
LINK,2024-09-25,uzun,2024-09-25T00:00:00+00:00,2024-10-02T00:00:00+00:00,12.149,11.232600000000001,stop,7,0.7240687429119766,14.153016709194164,-0.5329611212887833,0.010878641426037405,0.012914419855186264,-0.556754182570007,-0.556754182570007
LINK,2024-10-31,uzun,2024-10-31T00:00:00+00:00,2024-11-04T00:00:00+00:00,12.396,10.547550000000003,stop,4,0.08926397792745522,14.911665053242968,-0.9999999999999997,0.0099298547431632,0.006676920360301882,-1.0166067751034646,-1.0166067751034646
LINK,2024-11-08,uzun,2024-11-08T00:00:00+00:00,2024-12-10T00:00:00+00:00,12.595,19.739,stop,32,0.17423514885443925,17.36165144898768,3.2670233685462136,0.011829331869941017,0.13087827541500904,3.1243157612612635,3.1243157612612635
LINK,2024-12-13,uzun,2024-12-13T00:00:00+00:00,2024-12-21T00:00:00+00:00,29.13,20.057100000000002,stop,8,0.5631055120193101,31.146240988671465,-1.0,0.004337056508944221,0.006528396157788583,-1.0108654526667329,-1.0108654526667329
LINK,2025-01-18,uzun,2025-01-18T00:00:00+00:00,2025-02-03T00:00:00+00:00,25.087,20.51435,stop,16,0.17592344952601677,20.12058038027663,-0.9058968034629981,0.007227339454993912,0.017380562259665392,-0.9305047051776574,-0.9305047051776574
LINK,2025-04-24,uzun,2025-04-24T00:00:00+00:00,2025-05-31T00:00:00+00:00,15.011,14.588500000000002,stop,37,0.8527131782945732,19.33582039837452,-0.14556416881998202,0.008158346253229977,0.028070906163652022,-0.181793421236864,-0.181793421236864
LINK,2025-07-10,uzun,2025-07-10T00:00:00+00:00,2025-08-02T00:00:00+00:00,14.243,16.633,stop,23,0.22226580375236968,16.11001895668047,1.0415985705258108,0.01076498659867948,0.03770895624850191,0.9931246276786295,0.9931246276786295
LINK,2025-08-10,uzun,2025-08-10T00:00:00+00:00,2025-09-23T00:00:00+00:00,21.939,21.31905,stop,44,1.2493855171109862,18.08081498700943,-0.1562866326337681,0.008724129325014185,0.044846540412176235,-0.2098573023709585,-0.2098573023709585
LINK,2026-01-06,uzun,2026-01-06T00:00:00+00:00,2026-01-20T00:00:00+00:00,13.907,12.469949999999997,stop,14,0.5723151180830899,12.513841950097083,-0.8257484341780162,0.012125242774234315,0.018492801884732506,-0.856366478836983,-0.856366478836983
LINK,2026-03-17,uzun,2026-03-17T00:00:00+00:00,2026-03-30T00:00:00+00:00,9.918,8.255549999999998,stop,13,0.5144124168514393,17.052329098608602,-0.9829711751662973,0.008596505543237244,0.0023536374279379134,-0.9939213181374724,-0.9939213181374724
LINK,2026-04-17,uzun,2026-04-17T00:00:00+00:00,2026-05-17T00:00:00+00:00,9.595,9.693599999999998,stop,30,0.35797665369649695,14.062011464304328,0.07307763572354829,0.011436635167685746,0.028999763016490626,0.03264123753937192,0.03264123753937192
LINK,2026-07-15,uzun,2026-07-15T00:00:00+00:00,2026-08-02T00:00:00+00:00,8.343,7.952849999999999,stop,18,0.48068669527897234,12.567421790722777,-0.37210300429184606,0.012433648068669511,0.020211782832617996,-0.4047484351931336,-0.4047484351931336
LINK,2026-08-15,uzun,2026-08-15T00:00:00+00:00,2026-08-23T00:00:00+00:00,8.967,10.69405,stop,8,0.14504177833832366,10.610572097691541,1.81517683535656,0.016531441484050655,0.014947638877502755,1.7836977549950066,1.7836977549950066
LINK,2026-09-07,uzun,2026-09-07T00:00:00+00:00,2026-09-17T00:00:00+00:00,13.227,10.744799999999998,stop,10,0.7275803722504229,18.766160127012938,-1.0000000000000004,0.007725985013294653,0.0033719737853517033,-1.0110979587986468,-1.0110979587986468
LINK,2026-09-26,uzun,2026-09-26T00:00:00+00:00,2026-10-01T00:00:00+00:00,13.924,14.359,acik,5,0.30929125970448257,17.206262568227526,0.18156774355121477,0.009444194006177475,0.003869346973870939,0.16825420257116636,-0.3990093419651059
ETHFI,2024-08-25,uzun,2024-08-25T00:00:00+00:00,2024-08-31T00:00:00+00:00,1.717,1.272250000000001,stop,6,0.3170320404721756,25.902737332556732,-1.0,0.006721191680719521,0.0019215729735806684,-1.0086427646543001,-1.0086427646543001
ETHFI,2024-09-20,uzun,2024-09-20T00:00:00+00:00,2024-10-03T00:00:00+00:00,1.462,1.381415000000001,stop,13,0.43521266073195003,20.745554035567665,-0.26569403231124045,0.009374925816023765,0.007507391691394673,-0.2825763498186589,-0.2825763498186589
ETHFI,2024-11-11,uzun,2024-11-11T00:00:00+00:00,2024-11-16T00:00:00+00:00,1.8212,1.420150000000001,stop,5,0.12278024417314157,23.746980013178074,-0.9273261191268959,0.007494797447280817,0.012353486625971176,-0.9471744032001478,-0.9471744032001478
ETHFI,2024-11-24,uzun,2024-11-24T00:00:00+00:00,2024-12-10T00:00:00+00:00,2.1005,2.073320000000001,stop,16,0.31384929662472605,30.76267555343962,-0.04206323413343034,0.006459321850287085,0.05594116795889632,-0.10446372394261375,-0.10446372394261375
ETHFI,2025-04-24,uzun,2025-04-24T00:00:00+00:00,2025-06-01T00:00:00+00:00,0.5858,1.0100750000000018,stop,38,0.8875151782757599,23.19648344144729,3.1223093056629314,0.011744305846855966,-0.06833828946535765,3.178903289281433,3.178903289281433
ETHFI,2025-07-10,uzun,2025-07-10T00:00:00+00:00,2025-08-02T00:00:00+00:00,1.0808,1.0098200000000013,stop,23,0.18223234624145979,26.198649148778564,-0.2506754251205136,0.007383305963165089,0.020821913255990598,-0.2788806443396693,-0.2788806443396693
ETHFI,2025-08-14,uzun,2025-08-14T00:00:00+00:00,2025-09-02T00:00:00+00:00,1.3767,1.0335900000000011,stop,19,0.43280580571828514,24.922641098278405,-1.0000000000000002,0.007024831686631137,-0.03138122468304636,-0.9756436070035849,-0.9756436070035849
ETHFI,2025-09-12,uzun,2025-09-12T00:00:00+00:00,2025-09-23T00:00:00+00:00,1.4705,1.284380000000001,stop,11,1.4232821518022465,18.73444406664393,-0.6755962103887605,0.0099999274020836,0.015729583378707092,-0.7013257211695512,-0.7013257211695512
ETHFI,2025-10-03,uzun,2025-10-03T00:00:00+00:00,2025-10-11T00:00:00+00:00,1.7532,1.3152800000000011,stop,8,0.3098287481401538,29.32665982203963,-0.8517275918740458,0.005968005757018813,0.007924973434081179,-0.8656205710651458,-0.8656205710651458
ETHFI,2026-03-11,uzun,2026-03-11T00:00:00+00:00,2026-03-28T00:00:00+00:00,0.5851,0.477575000000001,stop,17,0.3825956489122338,20.504187318406927,-0.8962657330999408,0.008857839459865055,0.008700271667917045,-0.913823844227723,-0.913823844227723
ETHFI,2026-04-18,uzun,2026-04-18T00:00:00+00:00,2026-04-27T00:00:00+00:00,0.5126,0.431780000000001,stop,9,0.7349665924276237,15.766679672258867,-1.0,0.011684978965602737,0.011856205864885077,-1.0235411848304878,-1.0235411848304878
ETHFI,2026-07-05,uzun,2026-07-05T00:00:00+00:00,2026-08-06T00:00:00+00:00,0.4117,0.349380000000001,stop,32,0.4840155363011701,24.389118290016743,-0.6206553132158116,0.0075797231351459925,0.02989452063539514,-0.6581295569863527,-0.6581295569863527
ETHFI,2026-08-16,uzun,2026-08-16T00:00:00+00:00,2026-10-01T00:00:00+00:00,0.4778,0.7847,acik,46,0.6761753829899714,17.82858936793615,3.6027469624934416,0.014820684392792344,0.06472351660503671,3.5232027614956123,0.8796035362798847
DOGE,2024-07-21,uzun,2024-07-21T00:00:00+00:00,2024-08-02T00:00:00+00:00,0.13421,0.11364449999999988,stop,12,0.7823482672208277,18.28589523880496,-0.837988712996353,0.008079522441578502,0.01394375263940665,-0.8600119880773381,-0.8600119880773381
DOGE,2024-09-22,uzun,2024-09-22T00:00:00+00:00,2024-10-02T00:00:00+00:00,0.10991,0.11023599999999988,stop,10,0.2921437031188281,13.827677190428645,0.021450190814572924,0.011588156336359947,0.016876587208843136,-0.007014552730630159,-0.007014552730630159
DOGE,2024-10-19,uzun,2024-10-19T00:00:00+00:00,2024-11-04T00:00:00+00:00,0.13717,0.14540349999999985,stop,16,0.6646162075421161,16.35488809506462,0.36700989569402764,0.01007661585094047,0.027691415396273338,0.3292418644468138,0.3292418644468138
DOGE,2024-11-07,uzun,2024-11-07T00:00:00+00:00,2024-12-20T00:00:00+00:00,0.19646,0.3394774999999999,stop,43,1.1173856383867367,22.849689504224852,3.185919069736346,0.009551018589679298,0.11230209493768124,3.0640659562089856,3.0640659562089856
DOGE,2025-01-18,uzun,2025-01-18T00:00:00+00:00,2025-01-28T00:00:00+00:00,0.41512,0.3331299999999999,stop,10,0.6030003658982794,19.75091539795724,-0.9999999999999997,0.007300890352482001,0.005708191125747034,-1.0130090814782287,-1.0130090814782287
DOGE,2025-05-09,uzun,2025-05-09T00:00:00+00:00,2025-05-18T00:00:00+00:00,0.19808,0.21161049999999992,stop,9,0.5038107492823879,15.301393376413628,0.44641855554455334,0.0108136989013164,0.010718108865353486,0.4248867477778835,0.4248867477778835
DOGE,2025-07-10,uzun,2025-07-10T00:00:00+00:00,2025-07-25T00:00:00+00:00,0.18052,0.22480449999999985,stop,15,0.33106710020691577,16.866275204963507,1.4544782737215376,0.010649968798239517,0.025600436062666158,1.4182278688606318,1.4182278688606318
DOGE,2025-09-12,uzun,2025-09-12T00:00:00+00:00,2025-09-23T00:00:00+00:00,0.25592,0.2465199999999999,stop,11,0.5007983176914992,15.050992497655555,-0.24403857886470273,0.010435297324662147,0.012530535778911405,-0.2670044119682763,-0.2670044119682763
DOGE,2026-01-03,uzun,2026-01-03T00:00:00+00:00,2026-01-20T00:00:00+00:00,0.14182,0.1293914999999999,stop,17,0.25030608080532873,15.549992948808425,-0.5635741169001964,0.009838534439758713,0.0123302306715639,-0.585742882011519,-0.585742882011519
DOGE,2026-04-17,uzun,2026-04-17T00:00:00+00:00,2026-05-23T00:00:00+00:00,0.09918,0.10179599999999989,stop,36,0.29396462018730046,11.627344222625624,0.2268470343392179,0.013942143600416112,0.030054240530696927,0.18285065020810487,0.18285065020810487
DOGE,2026-08-20,uzun,2026-08-20T00:00:00+00:00,2026-08-23T00:00:00+00:00,0.07503,0.08263749999999989,stop,3,0.907766990291245,8.23670531787299,1.2309870550161428,0.02041003236245919,0.009712621359223137,1.2008644012944605,1.2008644012944605
DOGE,2026-09-22,uzun,2026-09-22T00:00:00+00:00,2026-10-01T00:00:00+00:00,0.09987,0.0945,acik,9,0.8934707903780021,15.734454791228695,-0.3417334860633809,0.009895379915998412,0.011731197709049188,-0.3633600636884285,-1.0216265776250482
PENGU,2025-04-23,uzun,2025-04-23T00:00:00+00:00,2025-06-06T00:00:00+00:00,0.007042,0.0095134,stop,44,1.664923030937078,28.50468616870209,1.2312060977432369,0.00824759627360135,-0.04584677734269922,1.2688052788123347,1.2688052788123347
PENGU,2025-06-29,uzun,2025-06-29T00:00:00+00:00,2025-08-20T00:00:00+00:00,0.013897,0.0300429,stop,52,1.0870081545404167,27.267036050946263,4.260918903227506,0.01159578286227007,-0.07700044830971377,4.32632356867495,4.32632356867495
PENGU,2026-01-04,uzun,2026-01-04T00:00:00+00:00,2026-01-19T00:00:00+00:00,0.01148,0.010729449999999995,stop,15,0.21089178936539646,20.321864111498304,-0.3217171392443063,0.009519899697807472,0.006289826528643977,-0.3375268654707577,-0.3375268654707577
PENGU,2026-03-17,uzun,2026-03-17T00:00:00+00:00,2026-03-30T00:00:00+00:00,0.007991,0.006178099999999994,stop,13,0.18037398643057975,22.686772619196674,-1.0,0.007815709636493985,-0.0022237627558056076,-1.0055919468806882,-1.0055919468806882
PENGU,2026-04-17,uzun,2026-04-17T00:00:00+00:00,2026-05-16T00:00:00+00:00,0.007884,0.008589849999999994,stop,29,1.0457113507960922,18.521689497716967,0.48337613422358583,0.011281527135764375,-0.0019431272727272633,0.47403773436054875,0.47403773436054875
PENGU,2026-08-21,uzun,2026-08-21T00:00:00+00:00,2026-08-23T00:00:00+00:00,0.007175,0.007621049999999994,stop,2,0.7149866816206328,14.9121951219513,0.4168886396560507,0.0138287303145006,0.003688256460582252,0.3993716528809679,0.3993716528809679
PENGU,2026-08-24,uzun,2026-08-24T00:00:00+00:00,2026-09-09T00:00:00+00:00,0.009905,0.008041699999999995,stop,16,0.7840927386894188,18.811711256941,-0.9999999999999996,0.009631674985241204,0.022009161970697088,-1.0316408369559378,-1.0316408369559378
PENGU,2026-09-23,uzun,2026-09-23T00:00:00+00:00,2026-10-01T00:00:00+00:00,0.010057,0.009606,acik,8,1.4214901243041211,19.558019290046808,-0.22928900073718103,0.009996695391341888,0.011949318411754188,-0.2512350145402771,-1.0141674734233197
MMT,2026-01-06,uzun,2026-01-06T00:00:00+00:00,2026-01-20T00:00:00+00:00,0.2493,0.20217,stop,14,0.029600394671929816,24.392298435619725,-0.7750370004933403,0.007424272323630985,-0.13362656285150476,-0.6488347099654665,-0.6488347099654665
MMT,2026-04-06,uzun,2026-04-06T00:00:00+00:00,2026-04-08T00:00:00+00:00,0.1436,0.1196,stop,2,1.6625000000000003,16.713091922005574,-1.0,0.010966666666666663,-0.03579648833333332,-0.9751701783333333,-0.9751701783333333
MMT,2026-05-11,uzun,2026-05-11T00:00:00+00:00,2026-05-16T00:00:00+00:00,0.1508,0.12903499999999998,stop,5,0.16540317022742637,14.433023872679051,-1.0,0.012857110039053519,0.00522177477601654,-1.0180788848150701,-1.0180788848150701
MMT,2026-06-17,uzun,2026-06-17T00:00:00+00:00,2026-07-02T00:00:00+00:00,0.1401,0.15263500000000002,stop,15,0.14655593551538848,21.916488222698074,0.4082397003745324,0.009533789285132713,0.00944781836834391,0.38925809272105577,0.38925809272105577
MMT,2026-07-31,uzun,2026-07-31T00:00:00+00:00,2026-08-01T00:00:00+00:00,0.2543,0.19409000000000004,stop,1,2.182361733931243,23.676759732599287,-1.0,0.007447101810330513,-0.013777983291811997,-0.9936691185185186,-0.9936691185185186
MMT,2026-09-23,uzun,2026-09-23T00:00:00+00:00,2026-10-01T00:00:00+00:00,0.173,0.19,acik,8,0.06172839506172663,19.664739884393022,0.4997060552616124,0.01067019400352736,0.011950323339212253,0.47708553791887276,-0.6507804232804222
AVAX,2024-07-22,uzun,2024-07-22T00:00:00+00:00,2024-07-26T00:00:00+00:00,32.628,26.562899999999974,stop,4,1.2385616065687248,18.588635527767643,-1.0,0.007807409605777279,0.0011594180738981996,-1.0089668276796755,-1.0089668276796755
AVAX,2024-08-24,uzun,2024-08-24T00:00:00+00:00,2024-08-31T00:00:00+00:00,26.483,22.367849999999972,stop,7,0.7138144082538509,18.884945059094616,-0.8228160678223674,0.007814104332873406,-0.003778247687601203,-0.8268519244676397,-0.8268519244676397
AVAX,2024-09-20,uzun,2024-09-20T00:00:00+00:00,2024-10-02T00:00:00+00:00,26.651,25.73259999999997,stop,12,0.7139036479691862,15.783460282916321,-0.2183313720595809,0.009962528973362264,0.01269107004481205,-0.2409849710777552,-0.2409849710777552
AVAX,2024-11-10,uzun,2024-11-10T00:00:00+00:00,2024-12-10T00:00:00+00:00,30.386,41.04344999999997,stop,30,0.670412341681741,15.551405252418975,2.2553301801944587,0.012092723444327973,0.11188905258123491,2.1313484041688957,2.1313484041688957
AVAX,2025-03-26,uzun,2025-03-26T00:00:00+00:00,2025-04-03T00:00:00+00:00,22.891,18.041349999999973,stop,8,0.20042683492623167,21.185837228605248,-0.9999999999999997,0.006752215108306743,-0.009329345725980173,-0.9974228693823262,-0.9974228693823262
AVAX,2025-04-23,uzun,2025-04-23T00:00:00+00:00,2025-05-19T00:00:00+00:00,22.104,21.47559999999997,stop,26,0.724110567385264,20.523887079261783,-0.1385178327381793,0.007684979940924875,0.008191284591985143,-0.15439409727108933,-0.15439409727108933
AVAX,2025-07-10,uzun,2025-07-10T00:00:00+00:00,2025-08-02T00:00:00+00:00,19.5,21.84984999999997,stop,23,0.29693530079455077,16.942307692307832,0.7112674990540907,0.01001282784714331,0.03340212031782039,0.667852550889127,0.667852550889127
AVAX,2025-08-24,uzun,2025-08-24T00:00:00+00:00,2025-09-23T00:00:00+00:00,26.263,30.075449999999968,stop,30,0.1526717557251908,19.228762898374253,0.7549331194740534,0.008924814605795922,0.03019481820377999,0.7158134866644774,0.7158134866644774
AVAX,2026-01-03,uzun,2026-01-03T00:00:00+00:00,2026-01-20T00:00:00+00:00,13.805,12.67454999999997,stop,17,0.1580511853838881,14.986961245925603,-0.5463882645786577,0.010238836124604111,0.0009821203750694661,-0.5576092210783313,-0.5576092210783313
AVAX,2026-03-17,uzun,2026-03-17T00:00:00+00:00,2026-03-28T00:00:00+00:00,10.481,8.734249999999971,stop,11,0.3469300128810589,16.665871577139868,-0.9999999999999998,0.008800457993416184,-0.0004103595763560831,-1.00839009841706,-1.00839009841706
AVAX,2026-04-17,uzun,2026-04-17T00:00:00+00:00,2026-05-17T00:00:00+00:00,9.724,9.21294999999997,stop,30,0.013178951332017925,16.386774989716468,-0.3207191942012739,0.009507395901973515,0.00941265136653157,-0.33963924146977903,-0.33963924146977903
AVAX,2026-08-21,uzun,2026-08-21T00:00:00+00:00,2026-10-01T00:00:00+00:00,7.293,10.933,acik,41,0.9460708782742422,13.34841628959314,3.739085772983971,0.014977709296352936,0.05386923694915105,3.670238826738467,2.4045480203697007
DOT,2024-09-25,uzun,2024-09-25T00:00:00+00:00,2024-10-02T00:00:00+00:00,4.633,4.297650000000003,stop,7,0.40554414784394716,12.613857112022403,-0.5738364134154664,0.012225393566050699,0.01425662257015748,-0.6003184295516746,-0.6003184295516746
DOT,2024-11-10,uzun,2024-11-10T00:00:00+00:00,2024-11-15T00:00:00+00:00,4.635,4.898000000000002,stop,5,0.08610380291796152,13.530744336569535,0.4193574105078585,0.01216040819580647,0.017068092800765423,0.3901289095112866,0.3901289095112866
DOT,2024-11-23,uzun,2024-11-23T00:00:00+00:00,2024-12-20T00:00:00+00:00,6.635,7.379900000000001,stop,27,0.9643564356435657,22.833458929917082,0.491683168316833,0.007400607260726082,0.06090654089108911,0.42337602016501785,0.42337602016501785
DOT,2025-04-25,uzun,2025-04-25T00:00:00+00:00,2025-05-18T00:00:00+00:00,4.269,4.574750000000002,stop,23,0.27919779787652343,17.870695713281755,0.4007733647922431,0.00927382356796437,0.021190053598112508,0.3703094876261663,0.3703094876261663
DOT,2025-07-11,uzun,2025-07-11T00:00:00+00:00,2025-07-31T00:00:00+00:00,3.88,3.8149000000000015,stop,20,1.0728542914171681,15.494845360824696,-0.10828343313373016,0.010239387890884931,0.03529593147039266,-0.15381875249500776,-0.15381875249500776
DOT,2025-09-13,uzun,2025-09-13T00:00:00+00:00,2025-09-23T00:00:00+00:00,4.318,3.9624500000000022,stop,10,0.1790887542796941,13.190134321445068,-0.6242647704327954,0.01163086647353178,0.014016157492757492,-0.6499117943990846,-0.6499117943990846
DOT,2025-11-08,uzun,2025-11-08T00:00:00+00:00,2025-11-20T00:00:00+00:00,3.25,2.572600000000001,stop,12,0.0265721877767927,20.843076923076897,-1.0,0.006876409802184835,-0.000505539563035135,-1.0063708702391496,-1.0063708702391496
DOT,2026-01-03,uzun,2026-01-03T00:00:00+00:00,2026-01-20T00:00:00+00:00,2.163,1.904000000000001,stop,17,0.8929309632079406,16.775312066574152,-0.713793578613751,0.008966790684856032,0.010407794460520906,-0.733168163759128,-0.733168163759128
DOT,2026-02-26,uzun,2026-02-26T00:00:00+00:00,2026-03-26T00:00:00+00:00,1.663,1.3423000000000012,stop,28,1.7212347988774617,19.28442573662049,-1.0000000000000004,0.007496850639226724,-0.07585489036482726,-0.9316419602743999,-0.9316419602743999
DOT,2026-05-09,uzun,2026-05-09T00:00:00+00:00,2026-05-18T00:00:00+00:00,1.374,1.216600000000001,stop,9,0.6384976525821644,11.626637554585075,-0.9852895148669805,0.012973270735524348,0.0027018129577464967,-1.0009645985602513,-1.0009645985602513
DOT,2026-08-22,uzun,2026-08-22T00:00:00+00:00,2026-08-27T00:00:00+00:00,0.9402,0.8332350000000011,stop,5,1.9800869443276015,11.376834716017765,-0.9999999999999994,0.01326366568503729,0.011244252306829442,-1.0245079179918661,-1.0245079179918661
DOT,2026-09-08,uzun,2026-09-08T00:00:00+00:00,2026-09-13T00:00:00+00:00,1.0621,1.021955000000001,stop,5,0.4439714155390034,18.577346765841167,-0.20346155795448367,0.00844987076174552,0.003892105848664558,-0.21580353456489376,-0.21580353456489376
LTC,2024-09-23,uzun,2024-09-23T00:00:00+00:00,2024-10-02T00:00:00+00:00,68.66,64.416,stop,9,0.05884660651236,11.137489076609382,-0.5549888845298808,0.013921904014646262,0.020096809833921793,-0.5890075983784488,-0.5890075983784488
LTC,2024-11-11,uzun,2024-11-11T00:00:00+00:00,2024-12-10T00:00:00+00:00,76.64,102.66400000000002,stop,29,0.635566687539136,12.502609603340296,2.7159256940096017,0.0149700688791484,0.15876533483615107,2.542190290294302,2.542190290294302
LTC,2025-01-17,uzun,2025-01-17T00:00:00+00:00,2025-01-20T00:00:00+00:00,124.37,113.11450000000002,stop,3,0.776098901098902,17.560504944922403,-0.515361721611721,0.008699065934065936,0.004555677655677657,-0.5286164652014645,-0.5286164652014645
LTC,2025-04-26,uzun,2025-04-26T00:00:00+00:00,2025-05-31T00:00:00+00:00,86.24,89.60900000000001,stop,35,0.19254135900551472,18.609114100185533,0.20992616132348899,0.008765878431006012,0.026101403719973826,0.17505887917250915,0.17505887917250915
LTC,2025-07-04,uzun,2025-07-04T00:00:00+00:00,2025-08-26T00:00:00+00:00,89.04,109.90199999999999,stop,53,0.04131662305467331,12.232142857142858,1.915438644814762,0.014612642886654731,0.10148851386861303,1.7993374880594943,1.7993374880594943
LTC,2025-10-10,uzun,2025-10-10T00:00:00+00:00,2025-10-11T00:00:00+00:00,125.83,109.79799999999999,stop,1,0.18151197604790387,12.740999761583097,-1.0,0.011757884231536918,0.0015697355289421148,-1.013327619760479,-1.013327619760479
LTC,2025-11-10,uzun,2025-11-10T00:00:00+00:00,2025-11-21T00:00:00+00:00,110.22,87.66749999999998,stop,11,0.3551712670435649,20.461350027218312,-1.0,0.007019620884602587,0.007082670488859321,-1.0141022913734619,-1.0141022913734619
LTC,2026-01-06,uzun,2026-01-06T00:00:00+00:00,2026-01-16T00:00:00+00:00,83.42,74.93599999999999,stop,10,0.08691453404152437,11.171781347398728,-0.9103492676645734,0.013593518965609716,0.013745883062396026,-0.937688669692579,-0.937688669692579
LTC,2026-04-17,uzun,2026-04-17T00:00:00+00:00,2026-05-17T00:00:00+00:00,56.31,55.80949999999999,stop,30,0.3660366036603648,8.87852956846033,-0.10011001100110177,0.017940914091409098,0.027250908850885013,-0.14530183394339588,-0.14530183394339588
LTC,2026-07-19,uzun,2026-07-19T00:00:00+00:00,2026-08-15T00:00:00+00:00,46.97,43.559999999999995,stop,27,0.5047126786257203,10.503512880562077,-0.6911928651059083,0.014680044593088049,0.024780471348940878,-0.7306533810479372,-0.7306533810479372
LTC,2026-08-20,uzun,2026-08-20T00:00:00+00:00,2026-08-27T00:00:00+00:00,46.77,49.27099999999999,stop,7,0.3036238981390805,6.549069916613238,0.8165197518772361,0.0250841658504733,0.02924476336924574,0.762190822657517,0.762190822657517
LTC,2026-09-22,uzun,2026-09-22T00:00:00+00:00,2026-10-01T00:00:00+00:00,61.98,67.19,acik,9,0.9570093457943925,12.94772507260408,0.6492211838006225,0.01287676012461058,0.016369362093457938,0.619975061582554,-0.051862944647975015
CRV,2024-08-13,uzun,2024-08-13T00:00:00+00:00,2024-09-05T00:00:00+00:00,0.303,0.2599500000000017,stop,23,0.3971119133574091,27.425742574256873,-0.5180505415162356,0.006774368231047088,0.014274107581227718,-0.5390990173285104,-0.5390990173285104
CRV,2024-09-21,uzun,2024-09-21T00:00:00+00:00,2024-10-02T00:00:00+00:00,0.306,0.2608500000000018,stop,11,0.43478260869566526,20.294117647058233,-0.7270531400966105,0.009128019323671795,0.01576811594202944,-0.7519492753623117,-0.7519492753623117
CRV,2024-11-11,uzun,2024-11-11T00:00:00+00:00,2024-12-10T00:00:00+00:00,0.285,0.8975500000000018,stop,29,0.18867924528302582,16.736842105262557,12.841719077568635,0.02479140461216026,0.08036103773585195,12.736566635220623,12.736566635220623
CRV,2025-03-27,uzun,2025-03-27T00:00:00+00:00,2025-04-01T00:00:00+00:00,0.549,0.45135000000000164,stop,5,0.42553191489362296,23.11475409836035,-0.7695035460992883,0.00788297872340437,-0.0049166000000000635,-0.7724699248226926,-0.7724699248226926
CRV,2025-04-23,uzun,2025-04-23T00:00:00+00:00,2025-05-20T00:00:00+00:00,0.688,0.6408000000000018,stop,27,0.3568532035685336,26.882267441860236,-0.2552041092186999,0.0071846444985131834,0.013899422762909008,-0.2762881764801221,-0.2762881764801221
CRV,2025-07-11,uzun,2025-07-11T00:00:00+00:00,2025-08-19T00:00:00+00:00,0.6,0.8395000000000017,stop,39,0.050568900126423,19.77499999999973,2.018541930046397,0.012132321955330984,0.043057294563843836,1.9633523135272222,1.9633523135272222
CRV,2026-01-04,uzun,2026-01-04T00:00:00+00:00,2026-01-20T00:00:00+00:00,0.424,0.36065000000000164,stop,16,0.3838771593090292,18.43160377358453,-0.8106206014075449,0.010040307101727671,0.007517142930262469,-0.828178051439535,-0.828178051439535
CRV,2026-04-17,uzun,2026-04-17T00:00:00+00:00,2026-05-17T00:00:00+00:00,0.232,0.2406700000000016,stop,30,0.0732600732600762,17.650862068964823,0.21172161172165896,0.011542612942613434,0.020070011233212018,0.1801089875458335,0.1801089875458335
CRV,2026-06-12,uzun,2026-06-12T00:00:00+00:00,2026-06-21T00:00:00+00:00,0.2559,0.2101050000000016,stop,9,0.6157877497543627,17.89566236811192,-1.0000000000000002,0.010175892564690859,0.005764245987553426,-1.0159401385522444,-1.0159401385522444
CRV,2026-07-15,uzun,2026-07-15T00:00:00+00:00,2026-08-19T00:00:00+00:00,0.2231,0.2364700000000016,stop,35,0.21126760563381006,17.185118780815063,0.34872196139807404,0.011986697965571745,0.03307099632238009,0.30366426711012223,0.30366426711012223
CRV,2026-08-22,uzun,2026-08-22T00:00:00+00:00,2026-08-23T00:00:00+00:00,0.3436,0.28645000000000165,stop,1,2.8871391076116297,16.632712456344116,-0.9999999999999997,0.011024496937883104,0.0012024496937883104,-1.0122269466316711,-1.0122269466316711
CRV,2026-09-02,uzun,2026-09-02T00:00:00+00:00,2026-10-01T00:00:00+00:00,0.3706,0.3945,acik,29,0.5526537489469339,24.02185644900119,0.2684639146307269,0.008594215108115852,0.019867823330525478,0.24000187619208554,-0.78611438328559
BNB,2024-07-20,uzun,2024-07-20T00:00:00+00:00,2024-08-04T00:00:00+00:00,593.58,524.1324999999998,stop,15,0.1804420653349175,14.2567977357728,-0.8206450774293808,0.00924542543323228,0.0009255935480440273,-0.830816096410657,-0.830816096410657
BNB,2024-08-23,uzun,2024-08-23T00:00:00+00:00,2024-09-05T00:00:00+00:00,582.8,500.32249999999976,stop,13,0.15926402215846985,15.611015785861397,-0.9065354304744946,0.00833345148987149,-0.009082945142392345,-0.9057859368219737,-0.9057859368219737
BNB,2024-09-20,uzun,2024-09-20T00:00:00+00:00,2024-10-02T00:00:00+00:00,566.85,544.0464999999998,stop,12,0.23179275001175642,11.256417041545419,-0.3573824188568674,0.012187182440797991,0.0010602840989233123,-0.3706298853965887,-0.3706298853965887
BNB,2024-11-10,uzun,2024-11-10T00:00:00+00:00,2024-12-21T00:00:00+00:00,625.07,629.0999999999998,stop,41,0.5918785395830787,9.957684739309236,0.06474675663734153,0.014104815841265961,0.19777468875125423,-0.14713274795517867,-0.14713274795517867
BNB,2025-04-23,uzun,2025-04-23T00:00:00+00:00,2025-06-22T00:00:00+00:00,618.27,620.9744999999998,stop,60,0.3003857280617163,10.063564462128232,0.043466730954673995,0.013941998553519718,-0.04064375018804228,0.07016848258919656,0.07016848258919656
BNB,2025-07-10,uzun,2025-07-10T00:00:00+00:00,2025-08-02T00:00:00+00:00,668.89,759.2249999999997,stop,23,0.2909527201829685,5.981028270717187,2.2580080736880075,0.024987951957806738,0.04029892337745097,2.19272119835275,2.19272119835275
BNB,2025-08-23,uzun,2025-08-23T00:00:00+00:00,2025-09-24T00:00:00+00:00,901.01,966.3244999999998,stop,32,0.4904575319199656,11.174293293082227,0.6487239463059223,0.01298286328670111,0.028062266827570053,0.6076788161916512,0.6076788161916512
BNB,2025-10-03,uzun,2025-10-03T00:00:00+00:00,2025-10-11T00:00:00+00:00,1090.91,1129.7459999999996,stop,8,0.14929070029272912,12.21273982271683,0.2914959093297268,0.011667486301883944,0.004216334806725207,0.2756120882211176,0.2756120882211176
BNB,2026-01-06,uzun,2026-01-06T00:00:00+00:00,2026-01-22T00:00:00+00:00,910.9,875.4294999999998,stop,16,0.3016393442622941,7.784883082665517,-0.5002009518773141,0.017633430636347563,0.018239708739643885,-0.5360740912533055,-0.5360740912533055
BNB,2026-03-05,uzun,2026-03-05T00:00:00+00:00,2026-03-30T00:00:00+00:00,658.09,603.0875,stop,25,0.16465578424414407,12.846267227886782,-0.6506091790868224,0.010442680979418011,-0.002907147993849061,-0.6581447120723913,-0.6581447120723913
BNB,2026-04-17,uzun,2026-04-17T00:00:00+00:00,2026-06-03T00:00:00+00:00,636.15,653.7584999999998,stop,47,0.23410278745644308,8.662107993397798,0.319550304878045,0.016386032774390213,0.04826388684124557,0.2549003852624092,0.2549003852624092
BNB,2026-07-31,uzun,2026-07-31T00:00:00+00:00,2026-10-01T00:00:00+00:00,592.38,769.73,acik,62,0.49415037224903446,6.1901144535602315,4.836510403883377,0.026002263492323156,0.12330127426981888,4.687206866121235,3.2500937733180475
NEAR,2024-07-16,uzun,2024-07-16T00:00:00+00:00,2024-07-31T00:00:00+00:00,5.913,5.09115,stop,15,0.6741845519582887,20.92085235920853,-0.6643627985934281,0.007116381714562869,0.012666023135685699,-0.6841452034436766,-0.6841452034436766
NEAR,2024-08-24,uzun,2024-08-24T00:00:00+00:00,2024-08-31T00:00:00+00:00,4.836,3.9542,stop,7,0.31228216924578295,22.248759305210925,-0.819554812026581,0.0065357683907244744,0.005262091175240484,-0.8313526715925459,-0.8313526715925459
NEAR,2024-09-22,uzun,2024-09-22T00:00:00+00:00,2024-10-03T00:00:00+00:00,4.665,4.5258,stop,11,0.27932960893854775,18.418006430868168,-0.1620111731843573,0.008557541899441341,0.014988321403631284,-0.1855570364874299,-0.1855570364874299
NEAR,2024-11-12,uzun,2024-11-12T00:00:00+00:00,2024-12-10T00:00:00+00:00,5.567,6.034599999999999,stop,28,1.7717848339857907,18.583617747440268,0.45198395437629807,0.00897132086414383,0.08831159908172634,0.3547010344304279,0.3547010344304279
NEAR,2025-04-26,uzun,2025-04-26T00:00:00+00:00,2025-05-18T00:00:00+00:00,2.618,2.7425999999999986,stop,22,0.1594048884165767,21.566080977845736,0.22068721218561535,0.0075956075097413905,0.0074022721218561655,0.20568933255401778,0.20568933255401778
NEAR,2025-07-11,uzun,2025-07-11T00:00:00+00:00,2025-07-31T00:00:00+00:00,2.515,2.5074999999999985,stop,20,0.9768474468759878,18.80516898608355,-0.01585791309863959,0.008495612644042685,0.020063898403636687,-0.04441742414631897,-0.04441742414631897
NEAR,2025-09-19,uzun,2025-09-19T00:00:00+00:00,2025-09-23T00:00:00+00:00,3.174,2.735849999999999,stop,4,1.9650804519000282,13.804347826086994,-0.9999999999999999,0.010790551181102332,0.003270708661417314,-1.0140612598425194,-1.0140612598425194
NEAR,2025-11-08,uzun,2025-11-08T00:00:00+00:00,2025-11-15T00:00:00+00:00,2.767,2.361399999999999,stop,7,1.731343283582086,21.792555113841747,-0.6726368159203986,0.006803847429519058,0.0009018217412935305,-0.6803424850912111,-0.6803424850912111
NEAR,2026-01-03,uzun,2026-01-03T00:00:00+00:00,2026-01-20T00:00:00+00:00,1.691,1.574349999999999,stop,17,0.059259259259259095,17.962743938497994,-0.38403292181070164,0.008600098765432067,0.007670654353909442,-0.40030367493004315,-0.40030367493004315
NEAR,2026-02-26,uzun,2026-02-26T00:00:00+00:00,2026-03-30T00:00:00+00:00,1.173,1.1535499999999987,stop,32,0.07250755287009032,21.163682864450237,-0.07834843907351943,0.0074974420946625955,0.0011123772809667621,-0.08695825844914878,-0.08695825844914878
NEAR,2026-04-12,uzun,2026-04-12T00:00:00+00:00,2026-05-31T00:00:00+00:00,1.402,2.230899999999999,stop,49,0.1170446232626183,14.62553495007141,4.042428675932673,0.014173713728358853,0.03319776005852213,3.9950572021457917,3.9950572021457917
NEAR,2026-08-22,uzun,2026-08-22T00:00:00+00:00,2026-08-23T00:00:00+00:00,1.966,1.7189499999999989,stop,1,2.2343655130540263,12.566124109867813,-0.9999999999999997,0.01193264521351947,0.0015915806516899338,-1.013524225865209,-1.013524225865209
NEAR,2026-09-05,uzun,2026-09-05T00:00:00+00:00,2026-10-01T00:00:00+00:00,2.172,5.339,acik,26,0.1449275362318838,22.872928176795632,6.3747987117552185,0.012095008051529762,0.0213534094202898,6.341350294283399,3.634627266908202
XRP,2024-07-14,uzun,2024-07-14T00:00:00+00:00,2024-08-05T00:00:00+00:00,0.5255,0.5354449999999998,stop,22,1.496514965149646,13.923882017126585,0.1359163591635895,0.010149808664753285,0.032135578242449,0.0936309722563872,0.0936309722563872
XRP,2024-09-29,uzun,2024-09-29T00:00:00+00:00,2024-10-03T00:00:00+00:00,0.6137,0.5658549999999998,stop,4,0.03479773814702133,11.238390092879293,-0.6937074090184151,0.011971705089169164,0.008411347107437992,-0.7140904612150222,-0.7140904612150222
XRP,2024-11-11,uzun,2024-11-11T00:00:00+00:00,2024-12-10T00:00:00+00:00,0.5888,2.0511,stop,29,0.46248016322829105,11.237262228260901,22.100808584599047,0.02792911660243324,0.15384628078289075,21.919033187213724,21.919033187213724
XRP,2025-01-12,uzun,2025-01-12T00:00:00+00:00,2025-01-28T00:00:00+00:00,2.5761,2.7005049999999997,stop,16,0.44744560398335614,17.073483172237115,0.2828479185139709,0.008397843484982832,0.020162728163153922,0.25428734686583415,0.25428734686583415
XRP,2025-03-03,uzun,2025-03-03T00:00:00+00:00,2025-03-04T00:00:00+00:00,2.9383,2.302315,stop,1,0.48680393405504935,21.64465847598952,-0.9999999999999997,0.005768108524572121,0.0002846429758563488,-1.006052751500428,-1.006052751500428
XRP,2025-05-11,uzun,2025-05-11T00:00:00+00:00,2025-05-31T00:00:00+00:00,2.471,2.222855,stop,20,0.3925988541373146,12.926345609065141,-0.7768855076547395,0.010286774052158682,0.02398411812404121,-0.8111563998309395,-0.8111563998309395
XRP,2025-07-10,uzun,2025-07-10T00:00:00+00:00,2025-07-25T00:00:00+00:00,2.4034,2.9926450000000004,stop,15,0.4740726722180173,13.191312307564274,1.8585825132475426,0.011914053431743642,0.03829550754478933,1.8083729522710097,1.8083729522710097
XRP,2026-01-05,uzun,2026-01-05T00:00:00+00:00,2026-01-09T00:00:00+00:00,2.0896,2.085020000000001,stop,4,0.438843398157627,11.221286370597202,-0.019532582736262946,0.012462615148413562,0.0060284532241556,-0.03802365110883211,-0.03802365110883211
XRP,2026-03-17,uzun,2026-03-17T00:00:00+00:00,2026-03-30T00:00:00+00:00,1.5422,1.3155800000000006,stop,13,0.6460153561027285,14.694592141097088,-1.0000000000000004,0.00882731444709208,-0.007831724684493892,-1.0009955897625986,-1.0009955897625986
XRP,2026-04-17,uzun,2026-04-17T00:00:00+00:00,2026-05-20T00:00:00+00:00,1.4521,1.3592750000000007,stop,33,0.871035099930398,10.388747331450949,-0.6153259752742682,0.013045391269762426,0.00763797573166289,-0.6360093422756936,-0.6360093422756936
XRP,2026-08-20,uzun,2026-08-20T00:00:00+00:00,2026-09-03T00:00:00+00:00,1.1054,1.3086500000000008,stop,14,0.34257748776509134,8.318255834991783,2.2104404567700127,0.018377759651984946,0.03186088589450818,2.1602018112235197,2.1602018112235197
XRP,2026-09-22,uzun,2026-09-22T00:00:00+00:00,2026-10-01T00:00:00+00:00,1.5362,1.4892,acik,9,0.5410323285012447,16.098489779976514,-0.19004872525828462,0.008563433816542355,0.007809800901720572,-0.20642195997654753,-0.9127360256040108
SUI,2024-08-11,uzun,2024-08-11T00:00:00+00:00,2024-08-29T00:00:00+00:00,0.9188,0.7669500000000004,stop,18,0.23107076542191127,23.739116238572024,-0.6961923755816876,0.00618297686999978,0.0014184605552117035,-0.703793813006899,-0.703793813006899
SUI,2024-09-16,uzun,2024-09-16T00:00:00+00:00,2024-10-26T00:00:00+00:00,1.0781,1.721775,stop,40,0.06843775275306496,22.362953343845636,2.6697982123229456,0.009290528629793245,0.0026173197743628064,2.6578903639187894,2.6578903639187894
SUI,2024-11-07,uzun,2024-11-07T00:00:00+00:00,2025-01-27T00:00:00+00:00,2.3036,3.96633,stop,81,0.6717067333840964,23.94426115645077,3.014485659378513,0.009093774248522427,0.08821378894086054,2.91717809618913,2.91717809618913
SUI,2025-04-23,uzun,2025-04-23T00:00:00+00:00,2025-06-01T00:00:00+00:00,2.6667,3.08812,stop,39,0.5610937054970089,23.698953763077952,0.6668248995221369,0.0072848128105319826,0.0149549217886642,0.6445851649229407,0.6445851649229407
SUI,2025-07-11,uzun,2025-07-11T00:00:00+00:00,2025-08-02T00:00:00+00:00,3.4901,3.4373300000000007,stop,22,1.777767676538102,18.910203146041663,-0.07995636264460453,0.008397075691114192,0.03130257223724782,-0.11965601057296654,-0.11965601057296654
SUI,2025-09-19,uzun,2025-09-19T00:00:00+00:00,2025-09-23T00:00:00+00:00,3.8879,3.383285,stop,4,0.03804880948842292,12.97911468916383,-0.9999999999999996,0.01152749720083627,0.002145138606660521,-1.0136726358074963,-1.0136726358074963
SUI,2026-01-04,uzun,2026-01-04T00:00:00+00:00,2026-01-20T00:00:00+00:00,1.665,1.6115749999999998,stop,16,0.24900398406374438,16.281081081081098,-0.19708204220156494,0.009669691603954542,0.0015374286188579002,-0.20828916242437737,-0.20828916242437737
SUI,2026-03-17,uzun,2026-03-17T00:00:00+00:00,2026-03-29T00:00:00+00:00,1.0729,0.8585499999999996,stop,12,0.2519244226731978,19.978562773790696,-1.0,0.00720858409143922,-0.003848675246092832,-1.0033599088453464,-1.0033599088453464
SUI,2026-04-17,uzun,2026-04-17T00:00:00+00:00,2026-05-16T00:00:00+00:00,1.0,1.1639699999999997,stop,29,0.4197842775240504,15.436500000000036,1.0622226540990467,0.011214822012761935,0.011177468985845212,1.0398303631004395,1.0398303631004395
SUI,2026-08-21,uzun,2026-08-21T00:00:00+00:00,2026-08-26T00:00:00+00:00,0.7335,0.7522649999999997,stop,5,0.33170731707317214,10.480572597137048,0.24409756097560503,0.01546161951219507,0.013895996487804837,0.2147399449756051,0.2147399449756051
SUI,2026-09-20,uzun,2026-09-20T00:00:00+00:00,2026-10-01T00:00:00+00:00,0.8575,1.1636,acik,11,0.2672106068332478,17.151603498542308,2.0812510623831333,0.010993574706782234,0.013055805541390424,2.0572016821349606,1.0788912962774064
